Industry,Month,Jurisdiction,Number_of_Agreements,Number_of_Employees,Duration_Months_Avg,First_Year_Pct_Adjustment_Avg,Annual_Pct_Adjustment_Avg,Extraction_Date
All industries,August 2024,All Jurisdictions,5.0,21192.0,45.1,3.2,3.0,2025-10-21
All industries,August 2024,Federal Jurisdiction,1.0,652.0,36.0,4.0,3.3,2025-10-21
All industries,August 2024,Provincial Jurisdiction,4.0,20540.0,45.3,3.2,3.0,2025-10-21
Transportation,August 2024,All Jurisdictions,1.0,652.0,36.0,4.0,3.3,2025-10-21
Transportation,August 2024,Federal Jurisdiction,1.0,652.0,36.0,4.0,3.3,2025-10-21
Finance and professional services,August 2024,All Jurisdictions,1.0,2240.0,36.0,7.7,2.5,2025-10-21
Finance and professional services,August 2024,Provincial Jurisdiction,1.0,2240.0,36.0,7.7,2.5,2025-10-21
"Education, health, and social services",August 2024,All Jurisdictions,2.0,17550.0,46.9,2.6,3.1,2025-10-21
"Education, health, and social services",August 2024,Provincial Jurisdiction,2.0,17550.0,46.9,2.6,3.1,2025-10-21
Entertainment and hospitality,August 2024,All Jurisdictions,1.0,750.0,36.0,5.0,3.7,2025-10-21
Entertainment and hospitality,August 2024,Provincial Jurisdiction,1.0,750.0,36.0,5.0,3.7,2025-10-21
All industries,September 2024,All Jurisdictions,5.0,14010.0,31.8,5.7,4.4,2025-10-21
All industries,September 2024,Federal Jurisdiction,1.0,550.0,48.0,5.0,4.2,2025-10-21
All industries,September 2024,Provincial Jurisdiction,4.0,13460.0,31.1,5.7,4.4,2025-10-21
Manufacturing,September 2024,All Jurisdictions,1.0,2710.0,24.1,15.3,9.9,2025-10-21
Manufacturing,September 2024,Provincial Jurisdiction,1.0,2710.0,24.1,15.3,9.9,2025-10-21
Transportation,September 2024,All Jurisdictions,1.0,550.0,48.0,5.0,4.2,2025-10-21
Transportation,September 2024,Federal Jurisdiction,1.0,550.0,48.0,5.0,4.2,2025-10-21
Finance and professional services,September 2024,All Jurisdictions,2.0,5750.0,30.1,3.2,2.9,2025-10-21
Finance and professional services,September 2024,Provincial Jurisdiction,2.0,5750.0,30.1,3.2,2.9,2025-10-21
"Education, health, and social services",September 2024,All Jurisdictions,1.0,5000.0,36.0,3.5,3.0,2025-10-21
"Education, health, and social services",September 2024,Provincial Jurisdiction,1.0,5000.0,36.0,3.5,3.0,2025-10-21
All industries,October 2024,All Jurisdictions,8.0,45176.0,45.7,3.4,3.7,2025-10-21
All industries,October 2024,Federal Jurisdiction,2.0,1680.0,39.4,4.2,3.2,2025-10-21
All industries,October 2024,Provincial Jurisdiction,6.0,43496.0,45.9,3.4,3.7,2025-10-21
Transportation,October 2024,All Jurisdictions,1.0,600.0,24.0,3.2,3.1,2025-10-21
Transportation,October 2024,Federal Jurisdiction,1.0,600.0,24.0,3.2,3.1,2025-10-21
"Education, health, and social services",October 2024,All Jurisdictions,4.0,36396.0,47.8,3.0,3.8,2025-10-21
"Education, health, and social services",October 2024,Provincial Jurisdiction,4.0,36396.0,47.8,3.0,3.8,2025-10-21
Public administration,October 2024,All Jurisdictions,3.0,8180.0,37.6,5.4,3.4,2025-10-21
Public administration,October 2024,Federal Jurisdiction,1.0,1080.0,48.0,4.7,3.2,2025-10-21
Public administration,October 2024,Provincial Jurisdiction,2.0,7100.0,36.0,5.5,3.4,2025-10-21
All industries,November 2024,All Jurisdictions,6.0,6894.0,38.1,3.7,3.4,2025-10-21
All industries,November 2024,Federal Jurisdiction,1.0,1020.0,48.0,4.8,3.1,2025-10-21
All industries,November 2024,Provincial Jurisdiction,5.0,5874.0,36.4,3.5,3.4,2025-10-21
Finance and professional services,November 2024,All Jurisdictions,1.0,1020.0,48.0,4.8,3.1,2025-10-21
Finance and professional services,November 2024,Federal Jurisdiction,1.0,1020.0,48.0,4.8,3.1,2025-10-21
"Education, health, and social services",November 2024,All Jurisdictions,2.0,1547.0,30.2,4.3,3.8,2025-10-21
"Education, health, and social services",November 2024,Provincial Jurisdiction,2.0,1547.0,30.2,4.3,3.8,2025-10-21
Public administration,November 2024,All Jurisdictions,3.0,4327.0,38.6,3.3,3.3,2025-10-21
Public administration,November 2024,Provincial Jurisdiction,3.0,4327.0,38.6,3.3,3.3,2025-10-21
All industries,December 2024,All Jurisdictions,15.0,125802.0,52.7,5.3,3.7,2025-10-21
All industries,December 2024,Federal Jurisdiction,4.0,9004.0,48.0,4.8,3.2,2025-10-21
All industries,December 2024,Provincial Jurisdiction,11.0,116798.0,53.0,5.4,3.7,2025-10-21
Utilities,December 2024,All Jurisdictions,1.0,1151.0,24.0,4.0,3.7,2025-10-21
Utilities,December 2024,Provincial Jurisdiction,1.0,1151.0,24.0,4.0,3.7,2025-10-21
Manufacturing,December 2024,All Jurisdictions,1.0,1400.0,60.0,8.0,4.5,2025-10-21
Manufacturing,December 2024,Provincial Jurisdiction,1.0,1400.0,60.0,8.0,4.5,2025-10-21
Transportation,December 2024,All Jurisdictions,3.0,4394.0,48.0,4.0,3.1,2025-10-21
Transportation,December 2024,Federal Jurisdiction,2.0,2594.0,48.0,4.7,3.2,2025-10-21
Transportation,December 2024,Provincial Jurisdiction,1.0,1800.0,48.0,3.0,3.0,2025-10-21
Finance and professional services,December 2024,All Jurisdictions,1.0,6295.0,72.0,0.0,3.6,2025-10-21
Finance and professional services,December 2024,Provincial Jurisdiction,1.0,6295.0,72.0,0.0,3.6,2025-10-21
"Education, health, and social services",December 2024,All Jurisdictions,4.0,99443.0,54.2,5.8,3.6,2025-10-21
"Education, health, and social services",December 2024,Provincial Jurisdiction,4.0,99443.0,54.2,5.8,3.6,2025-10-21
Entertainment and hospitality,December 2024,All Jurisdictions,1.0,561.0,24.0,10.0,6.9,2025-10-21
Entertainment and hospitality,December 2024,Provincial Jurisdiction,1.0,561.0,24.0,10.0,6.9,2025-10-21
Public administration,December 2024,All Jurisdictions,4.0,12558.0,35.3,4.5,3.8,2025-10-21
Public administration,December 2024,Federal Jurisdiction,2.0,6410.0,48.0,4.8,3.2,2025-10-21
Public administration,December 2024,Provincial Jurisdiction,2.0,6148.0,22.2,4.1,4.4,2025-10-21
All industries,January 2025,All Jurisdictions,7.0,13702.0,57.6,5.3,3.3,2025-10-21
All industries,January 2025,Federal Jurisdiction,1.0,536.0,36.0,3.0,3.0,2025-10-21
All industries,January 2025,Provincial Jurisdiction,6.0,13166.0,58.5,5.4,3.3,2025-10-21
Primary industries,January 2025,All Jurisdictions,1.0,536.0,36.0,3.0,3.0,2025-10-21
Primary industries,January 2025,Federal Jurisdiction,1.0,536.0,36.0,3.0,3.0,2025-10-21
Utilities,January 2025,All Jurisdictions,1.0,980.0,36.0,2.8,3.5,2025-10-21
Utilities,January 2025,Provincial Jurisdiction,1.0,980.0,36.0,2.8,3.5,2025-10-21
Manufacturing,January 2025,All Jurisdictions,1.0,2400.0,72.0,4.0,3.2,2025-10-21
Manufacturing,January 2025,Provincial Jurisdiction,1.0,2400.0,72.0,4.0,3.2,2025-10-21
Wholesale and retail trade,January 2025,All Jurisdictions,1.0,4947.0,72.0,6.0,3.3,2025-10-21
Wholesale and retail trade,January 2025,Provincial Jurisdiction,1.0,4947.0,72.0,6.0,3.3,2025-10-21
"Education, health, and social services",January 2025,All Jurisdictions,1.0,587.0,36.0,3.0,3.0,2025-10-21
"Education, health, and social services",January 2025,Provincial Jurisdiction,1.0,587.0,36.0,3.0,3.0,2025-10-21
Public administration,January 2025,All Jurisdictions,2.0,4252.0,43.6,6.5,3.4,2025-10-21
Public administration,January 2025,Provincial Jurisdiction,2.0,4252.0,43.6,6.5,3.4,2025-10-21
All industries,February 2025,All Jurisdictions,8.0,15157.0,45.3,4.7,3.6,2025-10-21
All industries,February 2025,Federal Jurisdiction,5.0,12727.0,46.7,5.0,3.8,2025-10-21
All industries,February 2025,Provincial Jurisdiction,3.0,2430.0,37.9,2.7,2.6,2025-10-21
Transportation,February 2025,All Jurisdictions,4.0,5057.0,44.9,5.5,4.0,2025-10-21
Transportation,February 2025,Federal Jurisdiction,4.0,5057.0,44.9,5.5,4.0,2025-10-21
"Education, health, and social services",February 2025,All Jurisdictions,3.0,2430.0,37.9,2.7,2.6,2025-10-21
"Education, health, and social services",February 2025,Provincial Jurisdiction,3.0,2430.0,37.9,2.7,2.6,2025-10-21
Public administration,February 2025,All Jurisdictions,1.0,7670.0,48.0,4.7,3.7,2025-10-21
Public administration,February 2025,Federal Jurisdiction,1.0,7670.0,48.0,4.7,3.7,2025-10-21
All industries,March 2025,All Jurisdictions,6.0,22135.0,47.7,3.1,3.3,2025-10-21
All industries,March 2025,Provincial Jurisdiction,6.0,22135.0,47.7,3.1,3.3,2025-10-21
Transportation,March 2025,All Jurisdictions,1.0,3400.0,36.0,3.0,3.2,2025-10-21
Transportation,March 2025,Provincial Jurisdiction,1.0,3400.0,36.0,3.0,3.2,2025-10-21
"Education, health, and social services",March 2025,All Jurisdictions,4.0,10495.0,51.2,2.6,3.0,2025-10-21
"Education, health, and social services",March 2025,Provincial Jurisdiction,4.0,10495.0,51.2,2.6,3.0,2025-10-21
Public administration,March 2025,All Jurisdictions,1.0,8240.0,48.0,3.9,3.7,2025-10-21
Public administration,March 2025,Provincial Jurisdiction,1.0,8240.0,48.0,3.9,3.7,2025-10-21
All industries,April 2025,All Jurisdictions,13.0,172748.0,46.9,6.3,4.6,2025-10-21
All industries,April 2025,Provincial Jurisdiction,13.0,172748.0,46.9,6.3,4.6,2025-10-21
Construction,April 2025,All Jurisdictions,4.0,113531.0,48.0,7.6,5.3,2025-10-21
Construction,April 2025,Provincial Jurisdiction,4.0,113531.0,48.0,7.6,5.3,2025-10-21
Wholesale and retail trade,April 2025,All Jurisdictions,1.0,878.0,60.0,6.7,3.9,2025-10-21
Wholesale and retail trade,April 2025,Provincial Jurisdiction,1.0,878.0,60.0,6.7,3.9,2025-10-21
"Education, health, and social services",April 2025,All Jurisdictions,6.0,51020.0,43.6,3.4,3.2,2025-10-21
"Education, health, and social services",April 2025,Provincial Jurisdiction,6.0,51020.0,43.6,3.4,3.2,2025-10-21
Entertainment and hospitality,April 2025,All Jurisdictions,1.0,1606.0,24.0,10.8,10.2,2025-10-21
Entertainment and hospitality,April 2025,Provincial Jurisdiction,1.0,1606.0,24.0,10.8,10.2,2025-10-21
Public administration,April 2025,All Jurisdictions,1.0,5713.0,60.0,2.8,2.5,2025-10-21
Public administration,April 2025,Provincial Jurisdiction,1.0,5713.0,60.0,2.8,2.5,2025-10-21
All industries,May 2025,All Jurisdictions,9.0,25184.0,45.1,3.1,3.0,2025-10-21
All industries,May 2025,Provincial Jurisdiction,9.0,25184.0,45.1,3.1,3.0,2025-10-21
Construction,May 2025,All Jurisdictions,3.0,9533.0,47.9,2.7,2.5,2025-10-21
Construction,May 2025,Provincial Jurisdiction,3.0,9533.0,47.9,2.7,2.5,2025-10-21
Finance and professional services,May 2025,All Jurisdictions,1.0,1550.0,36.0,4.2,4.6,2025-10-21
Finance and professional services,May 2025,Provincial Jurisdiction,1.0,1550.0,36.0,4.2,4.6,2025-10-21
"Education, health, and social services",May 2025,All Jurisdictions,2.0,7024.0,46.4,2.9,2.9,2025-10-21
"Education, health, and social services",May 2025,Provincial Jurisdiction,2.0,7024.0,46.4,2.9,2.9,2025-10-21
Public administration,May 2025,All Jurisdictions,3.0,7077.0,42.1,3.5,3.3,2025-10-21
Public administration,May 2025,Provincial Jurisdiction,3.0,7077.0,42.1,3.5,3.3,2025-10-21
All industries,June 2025,All Jurisdictions,4.0,4657.0,53.6,3.6,3.4,2025-10-21
All industries,June 2025,Federal Jurisdiction,1.0,733.0,48.0,5.0,4.5,2025-10-21
All industries,June 2025,Provincial Jurisdiction,3.0,3924.0,54.7,3.3,3.2,2025-10-21
Utilities,June 2025,All Jurisdictions,1.0,2300.0,60.0,3.0,3.5,2025-10-21
Utilities,June 2025,Provincial Jurisdiction,1.0,2300.0,60.0,3.0,3.5,2025-10-21
Construction,June 2025,All Jurisdictions,1.0,790.0,46.3,4.4,2.5,2025-10-21
Construction,June 2025,Provincial Jurisdiction,1.0,790.0,46.3,4.4,2.5,2025-10-21
Transportation,June 2025,All Jurisdictions,1.0,733.0,48.0,5.0,4.5,2025-10-21
Transportation,June 2025,Federal Jurisdiction,1.0,733.0,48.0,5.0,4.5,2025-10-21
"Education, health, and social services",June 2025,All Jurisdictions,1.0,834.0,48.0,3.0,3.0,2025-10-21
"Education, health, and social services",June 2025,Provincial Jurisdiction,1.0,834.0,48.0,3.0,3.0,2025-10-21
All industries,July 2025,All Jurisdictions,4.0,45658.0,48.4,7.4,2.1,2025-10-21
All industries,July 2025,Federal Jurisdiction,2.0,3336.0,54.0,4.0,3.4,2025-10-21
All industries,July 2025,Provincial Jurisdiction,2.0,42322.0,48.0,7.7,2.0,2025-10-21
Construction,July 2025,All Jurisdictions,1.0,39730.0,48.0,8.0,1.9,2025-10-21
Construction,July 2025,Provincial Jurisdiction,1.0,39730.0,48.0,8.0,1.9,2025-10-21
Transportation,July 2025,All Jurisdictions,1.0,2592.0,47.4,3.0,3.0,2025-10-21
Transportation,July 2025,Provincial Jurisdiction,1.0,2592.0,47.4,3.0,3.0,2025-10-21
Information and culture,July 2025,All Jurisdictions,1.0,2500.0,60.0,4.0,3.4,2025-10-21
Information and culture,July 2025,Federal Jurisdiction,1.0,2500.0,60.0,4.0,3.4,2025-10-21
Finance and professional services,July 2025,All Jurisdictions,1.0,836.0,36.0,4.0,3.5,2025-10-21
Finance and professional services,July 2025,Federal Jurisdiction,1.0,836.0,36.0,4.0,3.5,2025-10-21
All industries,Q32022,All Jurisdictions,46.0,207945.0,47.3,2.1,1.9,2025-10-21
All industries,Q32022,Federal Jurisdiction,13.0,30144.0,49.2,3.5,3.0,2025-10-21
All industries,Q32022,Provincial Jurisdiction,33.0,177801.0,46.9,1.8,1.7,2025-10-21
Primary industries,Q32022,All Jurisdictions,1.0,1011.0,60.0,2.0,2.0,2025-10-21
Primary industries,Q32022,Provincial Jurisdiction,1.0,1011.0,60.0,2.0,2.0,2025-10-21
Utilities,Q32022,All Jurisdictions,2.0,1425.0,47.6,0.3,1.0,2025-10-21
Utilities,Q32022,Provincial Jurisdiction,2.0,1425.0,47.6,0.3,1.0,2025-10-21
Construction,Q32022,All Jurisdictions,3.0,8120.0,34.5,10.8,6.0,2025-10-21
Construction,Q32022,Provincial Jurisdiction,3.0,8120.0,34.5,10.8,6.0,2025-10-21
Manufacturing,Q32022,All Jurisdictions,3.0,3650.0,60.0,11.8,4.8,2025-10-21
Manufacturing,Q32022,Provincial Jurisdiction,3.0,3650.0,60.0,11.8,4.8,2025-10-21
Transportation,Q32022,All Jurisdictions,8.0,19994.0,49.5,3.9,3.3,2025-10-21
Transportation,Q32022,Federal Jurisdiction,8.0,19994.0,49.5,3.9,3.3,2025-10-21
Information and culture,Q32022,All Jurisdictions,6.0,10870.0,47.6,2.4,2.2,2025-10-21
Information and culture,Q32022,Federal Jurisdiction,4.0,9590.0,50.0,2.6,2.4,2025-10-21
Information and culture,Q32022,Provincial Jurisdiction,2.0,1280.0,30.0,0.8,0.8,2025-10-21
Finance and professional services,Q32022,All Jurisdictions,4.0,18860.0,57.6,1.7,2.0,2025-10-21
Finance and professional services,Q32022,Federal Jurisdiction,1.0,560.0,24.0,4.0,3.5,2025-10-21
Finance and professional services,Q32022,Provincial Jurisdiction,3.0,18300.0,58.6,1.6,2.0,2025-10-21
"Education, health, and social services",Q32022,All Jurisdictions,13.0,95502.0,48.6,0.5,1.1,2025-10-21
"Education, health, and social services",Q32022,Provincial Jurisdiction,13.0,95502.0,48.6,0.5,1.1,2025-10-21
Entertainment and hospitality,Q32022,All Jurisdictions,1.0,800.0,48.0,8.6,4.4,2025-10-21
Entertainment and hospitality,Q32022,Provincial Jurisdiction,1.0,800.0,48.0,8.6,4.4,2025-10-21
Public administration,Q32022,All Jurisdictions,5.0,47713.0,40.5,2.2,1.9,2025-10-21
Public administration,Q32022,Provincial Jurisdiction,5.0,47713.0,40.5,2.2,1.9,2025-10-21
All industries,Q42022,All Jurisdictions,44.0,246342.0,39.3,3.9,3.6,2025-10-21
All industries,Q42022,Federal Jurisdiction,6.0,9188.0,48.8,3.3,2.7,2025-10-21
All industries,Q42022,Provincial Jurisdiction,38.0,237154.0,39.0,3.9,3.6,2025-10-21
Utilities,Q42022,All Jurisdictions,1.0,780.0,35.9,1.0,2.3,2025-10-21
Utilities,Q42022,Provincial Jurisdiction,1.0,780.0,35.9,1.0,2.3,2025-10-21
Construction,Q42022,All Jurisdictions,1.0,790.0,30.1,12.5,6.7,2025-10-21
Construction,Q42022,Provincial Jurisdiction,1.0,790.0,30.1,12.5,6.7,2025-10-21
Manufacturing,Q42022,All Jurisdictions,2.0,2560.0,43.9,6.5,4.2,2025-10-21
Manufacturing,Q42022,Provincial Jurisdiction,2.0,2560.0,43.9,6.5,4.2,2025-10-21
Wholesale and retail trade,Q42022,All Jurisdictions,1.0,787.0,48.0,1.0,0.6,2025-10-21
Wholesale and retail trade,Q42022,Provincial Jurisdiction,1.0,787.0,48.0,1.0,0.6,2025-10-21
Transportation,Q42022,All Jurisdictions,4.0,4088.0,51.5,3.2,2.8,2025-10-21
Transportation,Q42022,Federal Jurisdiction,4.0,4088.0,51.5,3.2,2.8,2025-10-21
Information and culture,Q42022,All Jurisdictions,1.0,600.0,36.0,2.0,2.0,2025-10-21
Information and culture,Q42022,Federal Jurisdiction,1.0,600.0,36.0,2.0,2.0,2025-10-21
"Education, health, and social services",Q42022,All Jurisdictions,21.0,197159.0,38.2,4.1,3.8,2025-10-21
"Education, health, and social services",Q42022,Provincial Jurisdiction,21.0,197159.0,38.2,4.1,3.8,2025-10-21
Public administration,Q42022,All Jurisdictions,13.0,39578.0,43.5,2.7,2.4,2025-10-21
Public administration,Q42022,Federal Jurisdiction,1.0,4500.0,48.0,3.5,2.8,2025-10-21
Public administration,Q42022,Provincial Jurisdiction,12.0,35078.0,42.9,2.5,2.4,2025-10-21
All industries,Q12023,All Jurisdictions,30.0,61655.0,42.6,3.8,3.4,2025-10-21
All industries,Q12023,Federal Jurisdiction,5.0,11340.0,55.9,1.3,2.6,2025-10-21
All industries,Q12023,Provincial Jurisdiction,25.0,50315.0,39.6,4.4,3.6,2025-10-21
Primary industries,Q12023,All Jurisdictions,1.0,750.0,48.0,3.5,2.9,2025-10-21
Primary industries,Q12023,Provincial Jurisdiction,1.0,750.0,48.0,3.5,2.9,2025-10-21
Utilities,Q12023,All Jurisdictions,3.0,2972.0,40.1,2.2,2.6,2025-10-21
Utilities,Q12023,Provincial Jurisdiction,3.0,2972.0,40.1,2.2,2.6,2025-10-21
Construction,Q12023,All Jurisdictions,3.0,14650.0,26.5,7.5,5.2,2025-10-21
Construction,Q12023,Provincial Jurisdiction,3.0,14650.0,26.5,7.5,5.2,2025-10-21
Manufacturing,Q12023,All Jurisdictions,1.0,596.0,36.0,3.9,3.0,2025-10-21
Manufacturing,Q12023,Provincial Jurisdiction,1.0,596.0,36.0,3.9,3.0,2025-10-21
Transportation,Q12023,All Jurisdictions,3.0,4553.0,34.5,1.4,1.8,2025-10-21
Transportation,Q12023,Federal Jurisdiction,2.0,1837.0,31.7,3.6,3.0,2025-10-21
Transportation,Q12023,Provincial Jurisdiction,1.0,2716.0,36.4,0.0,1.0,2025-10-21
Information and culture,Q12023,All Jurisdictions,1.0,6918.0,63.0,0.0,2.2,2025-10-21
Information and culture,Q12023,Federal Jurisdiction,1.0,6918.0,63.0,0.0,2.2,2025-10-21
Finance and professional services,Q12023,All Jurisdictions,1.0,635.0,36.0,4.5,4.2,2025-10-21
Finance and professional services,Q12023,Federal Jurisdiction,1.0,635.0,36.0,4.5,4.2,2025-10-21
"Education, health, and social services",Q12023,All Jurisdictions,12.0,22421.0,45.3,3.9,3.6,2025-10-21
"Education, health, and social services",Q12023,Provincial Jurisdiction,12.0,22421.0,45.3,3.9,3.6,2025-10-21
Public administration,Q12023,All Jurisdictions,5.0,8160.0,53.1,2.0,2.2,2025-10-21
Public administration,Q12023,Federal Jurisdiction,1.0,1950.0,60.0,2.8,2.9,2025-10-21
Public administration,Q12023,Provincial Jurisdiction,4.0,6210.0,50.9,1.8,2.0,2025-10-21
All industries,Q22023,All Jurisdictions,51.0,308518.0,42.4,2.6,3.0,2025-10-21
All industries,Q22023,Federal Jurisdiction,15.0,189076.0,46.2,2.5,3.2,2025-10-21
All industries,Q22023,Provincial Jurisdiction,36.0,119442.0,36.3,2.7,2.8,2025-10-21
Utilities,Q22023,All Jurisdictions,3.0,7554.0,27.1,4.3,3.7,2025-10-21
Utilities,Q22023,Provincial Jurisdiction,3.0,7554.0,27.1,4.3,3.7,2025-10-21
Construction,Q22023,All Jurisdictions,4.0,9202.0,24.0,8.4,7.3,2025-10-21
Construction,Q22023,Provincial Jurisdiction,4.0,9202.0,24.0,8.4,7.3,2025-10-21
Manufacturing,Q22023,All Jurisdictions,2.0,1800.0,42.9,4.1,3.7,2025-10-21
Manufacturing,Q22023,Provincial Jurisdiction,2.0,1800.0,42.9,4.1,3.7,2025-10-21
Transportation,Q22023,All Jurisdictions,10.0,19783.0,28.7,6.6,4.1,2025-10-21
Transportation,Q22023,Federal Jurisdiction,8.0,16143.0,29.3,7.3,4.3,2025-10-21
Transportation,Q22023,Provincial Jurisdiction,2.0,3640.0,26.1,3.8,3.2,2025-10-21
Information and culture,Q22023,All Jurisdictions,1.0,2160.0,48.1,3.2,3.2,2025-10-21
Information and culture,Q22023,Federal Jurisdiction,1.0,2160.0,48.1,3.2,3.2,2025-10-21
Finance and professional services,Q22023,All Jurisdictions,3.0,2984.0,47.8,7.5,4.4,2025-10-21
Finance and professional services,Q22023,Federal Jurisdiction,2.0,1430.0,24.0,11.1,6.9,2025-10-21
Finance and professional services,Q22023,Provincial Jurisdiction,1.0,1554.0,69.8,4.2,2.0,2025-10-21
"Education, health, and social services",Q22023,All Jurisdictions,20.0,81194.0,37.4,1.7,2.2,2025-10-21
"Education, health, and social services",Q22023,Provincial Jurisdiction,20.0,81194.0,37.4,1.7,2.2,2025-10-21
Public administration,Q22023,All Jurisdictions,8.0,183841.0,47.4,2.0,3.0,2025-10-21
Public administration,Q22023,Federal Jurisdiction,4.0,169343.0,48.0,2.0,3.0,2025-10-21
Public administration,Q22023,Provincial Jurisdiction,4.0,14498.0,40.8,2.8,2.6,2025-10-21
All industries,Q32023,All Jurisdictions,46.0,169307.0,37.5,5.4,4.3,2025-10-21
All industries,Q32023,Federal Jurisdiction,12.0,36336.0,46.5,3.0,3.7,2025-10-21
All industries,Q32023,Provincial Jurisdiction,34.0,132971.0,35.0,6.0,4.4,2025-10-21
Utilities,Q32023,All Jurisdictions,1.0,5408.0,30.0,4.5,4.8,2025-10-21
Utilities,Q32023,Provincial Jurisdiction,1.0,5408.0,30.0,4.5,4.8,2025-10-21
Construction,Q32023,All Jurisdictions,2.0,1849.0,56.8,12.8,4.0,2025-10-21
Construction,Q32023,Federal Jurisdiction,1.0,850.0,60.0,4.0,3.8,2025-10-21
Construction,Q32023,Provincial Jurisdiction,1.0,999.0,54.0,20.3,4.2,2025-10-21
Manufacturing,Q32023,All Jurisdictions,3.0,7490.0,37.7,9.0,4.9,2025-10-21
Manufacturing,Q32023,Provincial Jurisdiction,3.0,7490.0,37.7,9.0,4.9,2025-10-21
Wholesale and retail trade,Q32023,All Jurisdictions,1.0,1400.0,36.0,2.0,4.0,2025-10-21
Wholesale and retail trade,Q32023,Provincial Jurisdiction,1.0,1400.0,36.0,2.0,4.0,2025-10-21
Transportation,Q32023,All Jurisdictions,7.0,16358.0,43.9,4.5,4.3,2025-10-21
Transportation,Q32023,Federal Jurisdiction,5.0,12608.0,44.5,4.8,5.0,2025-10-21
Transportation,Q32023,Provincial Jurisdiction,2.0,3750.0,42.0,3.3,2.1,2025-10-21
Information and culture,Q32023,All Jurisdictions,2.0,1883.0,46.8,5.5,2.6,2025-10-21
Information and culture,Q32023,Federal Jurisdiction,2.0,1883.0,46.8,5.5,2.6,2025-10-21
"Education, health, and social services",Q32023,All Jurisdictions,16.0,101311.0,33.6,6.2,4.6,2025-10-21
"Education, health, and social services",Q32023,Provincial Jurisdiction,16.0,101311.0,33.6,6.2,4.6,2025-10-21
Public administration,Q32023,All Jurisdictions,14.0,33608.0,45.8,2.4,3.0,2025-10-21
Public administration,Q32023,Federal Jurisdiction,4.0,20995.0,47.0,1.7,3.0,2025-10-21
Public administration,Q32023,Provincial Jurisdiction,10.0,12613.0,43.6,3.5,3.0,2025-10-21
All industries,Q42023,All Jurisdictions,32.0,180530.0,48.9,4.0,3.0,2025-10-21
All industries,Q42023,Federal Jurisdiction,4.0,26541.0,50.5,3.8,3.3,2025-10-21
All industries,Q42023,Provincial Jurisdiction,28.0,153989.0,48.6,4.0,3.0,2025-10-21
Utilities,Q42023,All Jurisdictions,1.0,3220.0,24.0,3.7,3.5,2025-10-21
Utilities,Q42023,Provincial Jurisdiction,1.0,3220.0,24.0,3.7,3.5,2025-10-21
Manufacturing,Q42023,All Jurisdictions,3.0,13000.0,36.4,9.8,5.2,2025-10-21
Manufacturing,Q42023,Provincial Jurisdiction,3.0,13000.0,36.4,9.8,5.2,2025-10-21
Wholesale and retail trade,Q42023,All Jurisdictions,3.0,11979.0,60.0,9.8,4.0,2025-10-21
Wholesale and retail trade,Q42023,Provincial Jurisdiction,3.0,11979.0,60.0,9.8,4.0,2025-10-21
Transportation,Q42023,All Jurisdictions,4.0,4178.0,63.8,2.4,3.1,2025-10-21
Transportation,Q42023,Federal Jurisdiction,2.0,1881.0,83.0,3.6,3.2,2025-10-21
Transportation,Q42023,Provincial Jurisdiction,2.0,2297.0,48.1,1.4,3.1,2025-10-21
"Education, health, and social services",Q42023,All Jurisdictions,13.0,110141.0,50.6,2.8,2.6,2025-10-21
"Education, health, and social services",Q42023,Provincial Jurisdiction,13.0,110141.0,50.6,2.8,2.6,2025-10-21
Public administration,Q42023,All Jurisdictions,8.0,38012.0,45.2,3.5,3.2,2025-10-21
Public administration,Q42023,Federal Jurisdiction,2.0,24660.0,48.0,3.8,3.3,2025-10-21
Public administration,Q42023,Provincial Jurisdiction,6.0,13352.0,40.0,3.0,3.1,2025-10-21
All industries,Q12024,All Jurisdictions,33.0,188927.0,45.9,3.0,2.6,2025-10-21
All industries,Q12024,Federal Jurisdiction,6.0,14181.0,44.7,4.6,2.7,2025-10-21
All industries,Q12024,Provincial Jurisdiction,27.0,174746.0,46.0,2.9,2.6,2025-10-21
Primary industries,Q12024,All Jurisdictions,1.0,3317.0,36.0,5.0,4.0,2025-10-21
Primary industries,Q12024,Provincial Jurisdiction,1.0,3317.0,36.0,5.0,4.0,2025-10-21
Utilities,Q12024,All Jurisdictions,1.0,520.0,36.0,3.0,2.7,2025-10-21
Utilities,Q12024,Provincial Jurisdiction,1.0,520.0,36.0,3.0,2.7,2025-10-21
Manufacturing,Q12024,All Jurisdictions,1.0,1303.0,36.0,7.8,4.6,2025-10-21
Manufacturing,Q12024,Provincial Jurisdiction,1.0,1303.0,36.0,7.8,4.6,2025-10-21
Transportation,Q12024,All Jurisdictions,1.0,2100.0,60.0,8.2,5.4,2025-10-21
Transportation,Q12024,Federal Jurisdiction,1.0,2100.0,60.0,8.2,5.4,2025-10-21
Information and culture,Q12024,All Jurisdictions,3.0,6400.0,39.1,3.3,1.8,2025-10-21
Information and culture,Q12024,Federal Jurisdiction,2.0,5100.0,40.2,3.2,1.6,2025-10-21
Information and culture,Q12024,Provincial Jurisdiction,1.0,1300.0,35.0,4.0,2.7,2025-10-21
Finance and professional services,Q12024,All Jurisdictions,1.0,900.0,12.0,0.0,0.0,2025-10-21
Finance and professional services,Q12024,Federal Jurisdiction,1.0,900.0,12.0,0.0,0.0,2025-10-21
"Education, health, and social services",Q12024,All Jurisdictions,19.0,144591.0,46.4,2.8,2.5,2025-10-21
"Education, health, and social services",Q12024,Provincial Jurisdiction,19.0,144591.0,46.4,2.8,2.5,2025-10-21
Public administration,Q12024,All Jurisdictions,6.0,29796.0,46.6,3.1,2.9,2025-10-21
Public administration,Q12024,Federal Jurisdiction,2.0,6081.0,48.0,5.2,3.2,2025-10-21
Public administration,Q12024,Provincial Jurisdiction,4.0,23715.0,46.3,2.5,2.8,2025-10-21
All industries,Q22024,All Jurisdictions,56.0,653329.0,53.5,5.3,3.5,2025-10-21
All industries,Q22024,Federal Jurisdiction,6.0,32460.0,23.5,4.1,4.1,2025-10-21
All industries,Q22024,Provincial Jurisdiction,50.0,620869.0,55.1,5.4,3.5,2025-10-21
Utilities,Q22024,All Jurisdictions,1.0,1690.0,36.0,3.0,2.7,2025-10-21
Utilities,Q22024,Provincial Jurisdiction,1.0,1690.0,36.0,3.0,2.7,2025-10-21
Construction,Q22024,All Jurisdictions,1.0,700.0,48.0,2.8,2.6,2025-10-21
Construction,Q22024,Federal Jurisdiction,1.0,700.0,48.0,2.8,2.6,2025-10-21
Manufacturing,Q22024,All Jurisdictions,3.0,2540.0,51.8,8.2,4.3,2025-10-21
Manufacturing,Q22024,Provincial Jurisdiction,3.0,2540.0,51.8,8.2,4.3,2025-10-21
Transportation,Q22024,All Jurisdictions,3.0,15250.0,37.1,4.4,4.0,2025-10-21
Transportation,Q22024,Federal Jurisdiction,2.0,3750.0,40.5,3.1,3.1,2025-10-21
Transportation,Q22024,Provincial Jurisdiction,1.0,11500.0,36.0,4.8,4.3,2025-10-21
Information and culture,Q22024,All Jurisdictions,3.0,2205.0,45.4,2.8,2.4,2025-10-21
Information and culture,Q22024,Federal Jurisdiction,1.0,500.0,36.0,2.0,2.3,2025-10-21
Information and culture,Q22024,Provincial Jurisdiction,2.0,1705.0,48.1,3.0,2.5,2025-10-21
Finance and professional services,Q22024,All Jurisdictions,1.0,8510.0,12.0,5.0,5.0,2025-10-21
Finance and professional services,Q22024,Federal Jurisdiction,1.0,8510.0,12.0,5.0,5.0,2025-10-21
"Education, health, and social services",Q22024,All Jurisdictions,37.0,586903.0,55.8,5.5,3.5,2025-10-21
"Education, health, and social services",Q22024,Provincial Jurisdiction,37.0,586903.0,55.8,5.5,3.5,2025-10-21
Public administration,Q22024,All Jurisdictions,7.0,35531.0,34.8,3.5,3.4,2025-10-21
Public administration,Q22024,Federal Jurisdiction,1.0,19000.0,24.0,4.0,4.0,2025-10-21
Public administration,Q22024,Provincial Jurisdiction,6.0,16531.0,47.3,2.9,2.7,2025-10-21
All industries,Q32024,All Jurisdictions,27.0,95429.0,42.8,4.1,3.3,2025-10-21
All industries,Q32024,Federal Jurisdiction,4.0,10857.0,47.9,5.6,3.8,2025-10-21
All industries,Q32024,Provincial Jurisdiction,23.0,84572.0,42.1,3.9,3.3,2025-10-21
Manufacturing,Q32024,All Jurisdictions,2.0,3561.0,29.8,13.8,8.5,2025-10-21
Manufacturing,Q32024,Provincial Jurisdiction,2.0,3561.0,29.8,13.8,8.5,2025-10-21
Wholesale and retail trade,Q32024,All Jurisdictions,1.0,10229.0,36.0,3.0,2.6,2025-10-21
Wholesale and retail trade,Q32024,Provincial Jurisdiction,1.0,10229.0,36.0,3.0,2.6,2025-10-21
Transportation,Q32024,All Jurisdictions,3.0,1857.0,47.7,9.7,4.3,2025-10-21
Transportation,Q32024,Federal Jurisdiction,3.0,1857.0,47.7,9.7,4.3,2025-10-21
Finance and professional services,Q32024,All Jurisdictions,3.0,7990.0,31.8,4.5,2.8,2025-10-21
Finance and professional services,Q32024,Provincial Jurisdiction,3.0,7990.0,31.8,4.5,2.8,2025-10-21
"Education, health, and social services",Q32024,All Jurisdictions,10.0,35326.0,41.8,2.8,3.0,2025-10-21
"Education, health, and social services",Q32024,Provincial Jurisdiction,10.0,35326.0,41.8,2.8,3.0,2025-10-21
Entertainment and hospitality,Q32024,All Jurisdictions,1.0,750.0,36.0,5.0,3.7,2025-10-21
Entertainment and hospitality,Q32024,Provincial Jurisdiction,1.0,750.0,36.0,5.0,3.7,2025-10-21
Public administration,Q32024,All Jurisdictions,7.0,35716.0,49.3,4.4,3.4,2025-10-21
Public administration,Q32024,Federal Jurisdiction,1.0,9000.0,48.0,4.8,3.7,2025-10-21
Public administration,Q32024,Provincial Jurisdiction,6.0,26716.0,49.8,4.3,3.3,2025-10-21
All industries,Q42024,All Jurisdictions,29.0,177872.0,50.3,4.8,3.7,2025-10-21
All industries,Q42024,Federal Jurisdiction,7.0,11704.0,46.8,4.7,3.2,2025-10-21
All industries,Q42024,Provincial Jurisdiction,22.0,166168.0,50.6,4.8,3.7,2025-10-21
Utilities,Q42024,All Jurisdictions,1.0,1151.0,24.0,4.0,3.7,2025-10-21
Utilities,Q42024,Provincial Jurisdiction,1.0,1151.0,24.0,4.0,3.7,2025-10-21
Manufacturing,Q42024,All Jurisdictions,1.0,1400.0,60.0,8.0,4.5,2025-10-21
Manufacturing,Q42024,Provincial Jurisdiction,1.0,1400.0,60.0,8.0,4.5,2025-10-21
Transportation,Q42024,All Jurisdictions,4.0,4994.0,45.1,3.9,3.1,2025-10-21
Transportation,Q42024,Federal Jurisdiction,3.0,3194.0,43.5,4.4,3.2,2025-10-21
Transportation,Q42024,Provincial Jurisdiction,1.0,1800.0,48.0,3.0,3.0,2025-10-21
Finance and professional services,Q42024,All Jurisdictions,2.0,7315.0,68.6,0.7,3.5,2025-10-21
Finance and professional services,Q42024,Federal Jurisdiction,1.0,1020.0,48.0,4.8,3.1,2025-10-21
Finance and professional services,Q42024,Provincial Jurisdiction,1.0,6295.0,72.0,0.0,3.6,2025-10-21
"Education, health, and social services",Q42024,All Jurisdictions,10.0,137386.0,52.3,5.0,3.7,2025-10-21
"Education, health, and social services",Q42024,Provincial Jurisdiction,10.0,137386.0,52.3,5.0,3.7,2025-10-21
Entertainment and hospitality,Q42024,All Jurisdictions,1.0,561.0,24.0,10.0,6.9,2025-10-21
Entertainment and hospitality,Q42024,Provincial Jurisdiction,1.0,561.0,24.0,10.0,6.9,2025-10-21
Public administration,Q42024,All Jurisdictions,10.0,25065.0,36.6,4.6,3.6,2025-10-21
Public administration,Q42024,Federal Jurisdiction,3.0,7490.0,48.0,4.8,3.2,2025-10-21
Public administration,Q42024,Provincial Jurisdiction,7.0,17575.0,31.8,4.5,3.7,2025-10-21
All industries,Q12025,All Jurisdictions,21.0,50994.0,49.7,4.2,3.4,2025-10-21
All industries,Q12025,Federal Jurisdiction,6.0,13263.0,46.3,4.9,3.8,2025-10-21
All industries,Q12025,Provincial Jurisdiction,15.0,37731.0,50.8,3.9,3.2,2025-10-21
Primary industries,Q12025,All Jurisdictions,1.0,536.0,36.0,3.0,3.0,2025-10-21
Primary industries,Q12025,Federal Jurisdiction,1.0,536.0,36.0,3.0,3.0,2025-10-21
Utilities,Q12025,All Jurisdictions,1.0,980.0,36.0,2.8,3.5,2025-10-21
Utilities,Q12025,Provincial Jurisdiction,1.0,980.0,36.0,2.8,3.5,2025-10-21
Manufacturing,Q12025,All Jurisdictions,1.0,2400.0,72.0,4.0,3.2,2025-10-21
Manufacturing,Q12025,Provincial Jurisdiction,1.0,2400.0,72.0,4.0,3.2,2025-10-21
Wholesale and retail trade,Q12025,All Jurisdictions,1.0,4947.0,72.0,6.0,3.3,2025-10-21
Wholesale and retail trade,Q12025,Provincial Jurisdiction,1.0,4947.0,72.0,6.0,3.3,2025-10-21
Transportation,Q12025,All Jurisdictions,5.0,8457.0,41.3,4.5,3.7,2025-10-21
Transportation,Q12025,Federal Jurisdiction,4.0,5057.0,44.9,5.5,4.0,2025-10-21
Transportation,Q12025,Provincial Jurisdiction,1.0,3400.0,36.0,3.0,3.2,2025-10-21
"Education, health, and social services",Q12025,All Jurisdictions,8.0,13512.0,48.2,2.6,2.9,2025-10-21
"Education, health, and social services",Q12025,Provincial Jurisdiction,8.0,13512.0,48.2,2.6,2.9,2025-10-21
Public administration,Q12025,All Jurisdictions,4.0,20162.0,47.1,4.8,3.6,2025-10-21
Public administration,Q12025,Federal Jurisdiction,1.0,7670.0,48.0,4.7,3.7,2025-10-21
Public administration,Q12025,Provincial Jurisdiction,3.0,12492.0,46.5,4.8,3.6,2025-10-21
All industries,Q22025,All Jurisdictions,26.0,202589.0,46.9,5.8,4.4,2025-10-21
All industries,Q22025,Federal Jurisdiction,1.0,733.0,48.0,5.0,4.5,2025-10-21
All industries,Q22025,Provincial Jurisdiction,25.0,201856.0,46.9,5.8,4.4,2025-10-21
Utilities,Q22025,All Jurisdictions,1.0,2300.0,60.0,3.0,3.5,2025-10-21
Utilities,Q22025,Provincial Jurisdiction,1.0,2300.0,60.0,3.0,3.5,2025-10-21
Construction,Q22025,All Jurisdictions,8.0,123854.0,48.0,7.2,5.0,2025-10-21
Construction,Q22025,Provincial Jurisdiction,8.0,123854.0,48.0,7.2,5.0,2025-10-21
Wholesale and retail trade,Q22025,All Jurisdictions,1.0,878.0,60.0,6.7,3.9,2025-10-21
Wholesale and retail trade,Q22025,Provincial Jurisdiction,1.0,878.0,60.0,6.7,3.9,2025-10-21
Transportation,Q22025,All Jurisdictions,1.0,733.0,48.0,5.0,4.5,2025-10-21
Transportation,Q22025,Federal Jurisdiction,1.0,733.0,48.0,5.0,4.5,2025-10-21
Finance and professional services,Q22025,All Jurisdictions,1.0,1550.0,36.0,4.2,4.6,2025-10-21
Finance and professional services,Q22025,Provincial Jurisdiction,1.0,1550.0,36.0,4.2,4.6,2025-10-21
"Education, health, and social services",Q22025,All Jurisdictions,9.0,58878.0,44.0,3.4,3.2,2025-10-21
"Education, health, and social services",Q22025,Provincial Jurisdiction,9.0,58878.0,44.0,3.4,3.2,2025-10-21
Entertainment and hospitality,Q22025,All Jurisdictions,1.0,1606.0,24.0,10.8,10.2,2025-10-21
Entertainment and hospitality,Q22025,Provincial Jurisdiction,1.0,1606.0,24.0,10.8,10.2,2025-10-21
Public administration,Q22025,All Jurisdictions,4.0,12790.0,50.1,3.2,2.9,2025-10-21
Public administration,Q22025,Provincial Jurisdiction,4.0,12790.0,50.1,3.2,2.9,2025-10-21
All industries,2016,All Jurisdictions,292.0,1194600.0,48.5,0.9,1.4,2025-10-21
All industries,2016,Federal Jurisdiction,25.0,120168.0,44.7,1.1,1.4,2025-10-21
All industries,2016,Provincial Jurisdiction,267.0,1074432.0,48.9,0.8,1.4,2025-10-21
Primary industries,2016,All Jurisdictions,8.0,14090.0,32.1,0.2,0.7,2025-10-21
Primary industries,2016,Provincial Jurisdiction,8.0,14090.0,32.1,0.2,0.7,2025-10-21
Utilities,2016,All Jurisdictions,8.0,5800.0,48.9,0.8,1.4,2025-10-21
Utilities,2016,Provincial Jurisdiction,8.0,5800.0,48.9,0.8,1.4,2025-10-21
Construction,2016,All Jurisdictions,53.0,112580.0,36.7,2.0,1.9,2025-10-21
Construction,2016,Federal Jurisdiction,1.0,1380.0,48.0,2.0,2.0,2025-10-21
Construction,2016,Provincial Jurisdiction,52.0,111200.0,36.5,2.0,1.9,2025-10-21
Manufacturing,2016,All Jurisdictions,29.0,43197.0,51.0,1.9,1.4,2025-10-21
Manufacturing,2016,Federal Jurisdiction,2.0,1270.0,40.8,1.3,1.9,2025-10-21
Manufacturing,2016,Provincial Jurisdiction,27.0,41927.0,51.3,1.9,1.4,2025-10-21
Wholesale and retail trade,2016,All Jurisdictions,9.0,24215.0,60.4,1.4,1.3,2025-10-21
Wholesale and retail trade,2016,Provincial Jurisdiction,9.0,24215.0,60.4,1.4,1.3,2025-10-21
Transportation,2016,All Jurisdictions,18.0,85950.0,42.0,1.0,1.4,2025-10-21
Transportation,2016,Federal Jurisdiction,15.0,79380.0,42.2,0.9,1.3,2025-10-21
Transportation,2016,Provincial Jurisdiction,3.0,6570.0,39.4,1.9,1.9,2025-10-21
Information and culture,2016,All Jurisdictions,5.0,14578.0,56.0,0.7,1.2,2025-10-21
Information and culture,2016,Federal Jurisdiction,4.0,12328.0,57.5,0.7,1.2,2025-10-21
Information and culture,2016,Provincial Jurisdiction,1.0,2250.0,48.0,1.3,1.3,2025-10-21
Finance and professional services,2016,All Jurisdictions,8.0,5980.0,41.7,1.9,1.7,2025-10-21
Finance and professional services,2016,Federal Jurisdiction,2.0,1310.0,21.0,2.1,2.1,2025-10-21
Finance and professional services,2016,Provincial Jurisdiction,6.0,4670.0,47.6,1.8,1.5,2025-10-21
"Education, health, and social services",2016,All Jurisdictions,98.0,697660.0,49.7,0.5,1.2,2025-10-21
"Education, health, and social services",2016,Provincial Jurisdiction,98.0,697660.0,49.7,0.5,1.2,2025-10-21
Entertainment and hospitality,2016,All Jurisdictions,5.0,4010.0,45.9,1.7,1.7,2025-10-21
Entertainment and hospitality,2016,Provincial Jurisdiction,5.0,4010.0,45.9,1.7,1.7,2025-10-21
Public administration,2016,All Jurisdictions,51.0,186540.0,52.8,1.3,1.5,2025-10-21
Public administration,2016,Federal Jurisdiction,1.0,24500.0,48.0,1.8,1.4,2025-10-21
Public administration,2016,Provincial Jurisdiction,50.0,162040.0,53.6,1.2,1.5,2025-10-21
All industries,2017,All Jurisdictions,224.0,868612.0,39.8,1.7,1.7,2025-10-21
All industries,2017,Federal Jurisdiction,46.0,209018.0,47.4,1.4,1.6,2025-10-21
All industries,2017,Provincial Jurisdiction,178.0,659594.0,37.3,1.8,1.8,2025-10-21
Primary industries,2017,All Jurisdictions,10.0,13602.0,36.8,0.7,0.9,2025-10-21
Primary industries,2017,Federal Jurisdiction,2.0,1150.0,45.1,2.3,1.9,2025-10-21
Primary industries,2017,Provincial Jurisdiction,8.0,12452.0,36.1,0.6,0.8,2025-10-21
Utilities,2017,All Jurisdictions,3.0,2920.0,29.4,1.6,1.7,2025-10-21
Utilities,2017,Provincial Jurisdiction,3.0,2920.0,29.4,1.6,1.7,2025-10-21
Construction,2017,All Jurisdictions,16.0,97270.0,44.5,3.4,2.0,2025-10-21
Construction,2017,Provincial Jurisdiction,16.0,97270.0,44.5,3.4,2.0,2025-10-21
Manufacturing,2017,All Jurisdictions,10.0,10440.0,48.3,1.5,1.4,2025-10-21
Manufacturing,2017,Provincial Jurisdiction,10.0,10440.0,48.3,1.5,1.4,2025-10-21
Wholesale and retail trade,2017,All Jurisdictions,7.0,14550.0,47.5,1.7,1.9,2025-10-21
Wholesale and retail trade,2017,Provincial Jurisdiction,7.0,14550.0,47.5,1.7,1.9,2025-10-21
Transportation,2017,All Jurisdictions,19.0,28362.0,46.8,1.8,2.1,2025-10-21
Transportation,2017,Federal Jurisdiction,16.0,26382.0,48.1,1.8,2.1,2025-10-21
Transportation,2017,Provincial Jurisdiction,3.0,1980.0,30.6,1.8,1.6,2025-10-21
Information and culture,2017,All Jurisdictions,6.0,8936.0,47.3,1.6,1.8,2025-10-21
Information and culture,2017,Federal Jurisdiction,4.0,7536.0,47.2,1.5,1.8,2025-10-21
Information and culture,2017,Provincial Jurisdiction,2.0,1400.0,48.0,1.7,1.8,2025-10-21
Finance and professional services,2017,All Jurisdictions,11.0,20770.0,53.3,2.0,2.2,2025-10-21
Finance and professional services,2017,Federal Jurisdiction,8.0,13520.0,39.7,1.6,2.0,2025-10-21
Finance and professional services,2017,Provincial Jurisdiction,3.0,7250.0,78.8,2.7,2.7,2025-10-21
"Education, health, and social services",2017,All Jurisdictions,80.0,398216.0,30.5,1.5,1.7,2025-10-21
"Education, health, and social services",2017,Provincial Jurisdiction,80.0,398216.0,30.5,1.5,1.7,2025-10-21
Entertainment and hospitality,2017,All Jurisdictions,5.0,6350.0,46.7,2.0,1.9,2025-10-21
Entertainment and hospitality,2017,Provincial Jurisdiction,5.0,6350.0,46.7,2.0,1.9,2025-10-21
Public administration,2017,All Jurisdictions,57.0,267196.0,49.1,1.4,1.6,2025-10-21
Public administration,2017,Federal Jurisdiction,16.0,160430.0,48.0,1.3,1.4,2025-10-21
Public administration,2017,Provincial Jurisdiction,41.0,106766.0,50.8,1.6,1.9,2025-10-21
All industries,2018,All Jurisdictions,226.0,761192.0,42.7,1.4,1.4,2025-10-21
All industries,2018,Federal Jurisdiction,30.0,78120.0,47.9,1.8,2.0,2025-10-21
All industries,2018,Provincial Jurisdiction,196.0,683072.0,42.1,1.3,1.3,2025-10-21
Primary industries,2018,All Jurisdictions,2.0,2213.0,50.9,8.7,2.7,2025-10-21
Primary industries,2018,Provincial Jurisdiction,2.0,2213.0,50.9,8.7,2.7,2025-10-21
Utilities,2018,All Jurisdictions,11.0,29176.0,44.9,1.3,2.0,2025-10-21
Utilities,2018,Provincial Jurisdiction,11.0,29176.0,44.9,1.3,2.0,2025-10-21
Construction,2018,All Jurisdictions,16.0,93740.0,46.9,2.1,1.5,2025-10-21
Construction,2018,Federal Jurisdiction,1.0,850.0,60.0,0.0,1.6,2025-10-21
Construction,2018,Provincial Jurisdiction,15.0,92890.0,46.8,2.1,1.5,2025-10-21
Manufacturing,2018,All Jurisdictions,13.0,13488.0,51.9,2.2,1.9,2025-10-21
Manufacturing,2018,Provincial Jurisdiction,13.0,13488.0,51.9,2.2,1.9,2025-10-21
Wholesale and retail trade,2018,All Jurisdictions,10.0,20373.0,52.8,0.9,1.4,2025-10-21
Wholesale and retail trade,2018,Provincial Jurisdiction,10.0,20373.0,52.8,0.9,1.4,2025-10-21
Transportation,2018,All Jurisdictions,16.0,28882.0,44.0,2.0,2.2,2025-10-21
Transportation,2018,Federal Jurisdiction,9.0,11950.0,46.8,2.3,2.5,2025-10-21
Transportation,2018,Provincial Jurisdiction,7.0,16932.0,42.1,1.9,2.0,2025-10-21
Information and culture,2018,All Jurisdictions,8.0,25890.0,45.5,2.6,2.4,2025-10-21
Information and culture,2018,Federal Jurisdiction,6.0,17240.0,50.7,2.4,2.3,2025-10-21
Information and culture,2018,Provincial Jurisdiction,2.0,8650.0,35.1,2.8,2.8,2025-10-21
Finance and professional services,2018,All Jurisdictions,17.0,44852.0,47.9,2.7,2.1,2025-10-21
Finance and professional services,2018,Federal Jurisdiction,5.0,6040.0,39.1,3.1,2.0,2025-10-21
Finance and professional services,2018,Provincial Jurisdiction,12.0,38812.0,49.3,2.7,2.1,2025-10-21
"Education, health, and social services",2018,All Jurisdictions,77.0,330519.0,39.0,0.8,1.0,2025-10-21
"Education, health, and social services",2018,Provincial Jurisdiction,77.0,330519.0,39.0,0.8,1.0,2025-10-21
Entertainment and hospitality,2018,All Jurisdictions,9.0,7940.0,45.6,2.5,2.4,2025-10-21
Entertainment and hospitality,2018,Provincial Jurisdiction,9.0,7940.0,45.6,2.5,2.4,2025-10-21
Public administration,2018,All Jurisdictions,47.0,164119.0,42.7,1.1,1.2,2025-10-21
Public administration,2018,Federal Jurisdiction,9.0,42040.0,48.0,1.2,1.7,2025-10-21
Public administration,2018,Provincial Jurisdiction,38.0,122079.0,40.9,1.1,1.1,2025-10-21
All industries,2019,All Jurisdictions,269.0,684720.0,43.1,1.8,1.8,2025-10-21
All industries,2019,Federal Jurisdiction,40.0,102942.0,49.6,2.5,2.1,2025-10-21
All industries,2019,Provincial Jurisdiction,229.0,581778.0,41.9,1.7,1.8,2025-10-21
Primary industries,2019,All Jurisdictions,4.0,5630.0,55.7,2.3,2.4,2025-10-21
Primary industries,2019,Provincial Jurisdiction,4.0,5630.0,55.7,2.3,2.4,2025-10-21
Utilities,2019,All Jurisdictions,12.0,19730.0,36.0,1.8,2.1,2025-10-21
Utilities,2019,Provincial Jurisdiction,12.0,19730.0,36.0,1.8,2.1,2025-10-21
Construction,2019,All Jurisdictions,44.0,109945.0,36.6,2.0,2.1,2025-10-21
Construction,2019,Provincial Jurisdiction,44.0,109945.0,36.6,2.0,2.1,2025-10-21
Manufacturing,2019,All Jurisdictions,16.0,17760.0,61.1,2.0,2.2,2025-10-21
Manufacturing,2019,Federal Jurisdiction,1.0,780.0,48.0,2.0,1.7,2025-10-21
Manufacturing,2019,Provincial Jurisdiction,15.0,16980.0,61.7,2.0,2.2,2025-10-21
Wholesale and retail trade,2019,All Jurisdictions,11.0,25528.0,58.1,1.2,1.7,2025-10-21
Wholesale and retail trade,2019,Provincial Jurisdiction,11.0,25528.0,58.1,1.2,1.7,2025-10-21
Transportation,2019,All Jurisdictions,20.0,41980.0,54.4,2.2,2.4,2025-10-21
Transportation,2019,Federal Jurisdiction,13.0,23660.0,52.6,2.4,2.6,2025-10-21
Transportation,2019,Provincial Jurisdiction,7.0,18320.0,56.7,1.9,2.1,2025-10-21
Information and culture,2019,All Jurisdictions,6.0,10782.0,53.8,1.2,1.3,2025-10-21
Information and culture,2019,Federal Jurisdiction,4.0,9012.0,55.2,1.0,1.3,2025-10-21
Information and culture,2019,Provincial Jurisdiction,2.0,1770.0,46.4,1.7,1.1,2025-10-21
Finance and professional services,2019,All Jurisdictions,6.0,5820.0,47.1,2.1,1.8,2025-10-21
Finance and professional services,2019,Federal Jurisdiction,6.0,5820.0,47.1,2.1,1.8,2025-10-21
"Education, health, and social services",2019,All Jurisdictions,90.0,294965.0,38.3,1.3,1.6,2025-10-21
"Education, health, and social services",2019,Provincial Jurisdiction,90.0,294965.0,38.3,1.3,1.6,2025-10-21
Entertainment and hospitality,2019,All Jurisdictions,2.0,1800.0,36.0,7.1,5.0,2025-10-21
Entertainment and hospitality,2019,Provincial Jurisdiction,2.0,1800.0,36.0,7.1,5.0,2025-10-21
Public administration,2019,All Jurisdictions,58.0,150780.0,48.8,2.4,1.9,2025-10-21
Public administration,2019,Federal Jurisdiction,16.0,63670.0,48.0,2.7,2.0,2025-10-21
Public administration,2019,Provincial Jurisdiction,42.0,87110.0,49.4,2.2,1.8,2025-10-21
All industries,2020,All Jurisdictions,182.0,809923.0,41.4,1.8,1.9,2025-10-21
All industries,2020,Federal Jurisdiction,30.0,261483.0,44.3,2.4,2.2,2025-10-21
All industries,2020,Provincial Jurisdiction,152.0,548440.0,40.0,1.6,1.8,2025-10-21
Primary industries,2020,All Jurisdictions,1.0,650.0,64.8,2.5,2.2,2025-10-21
Primary industries,2020,Provincial Jurisdiction,1.0,650.0,64.8,2.5,2.2,2025-10-21
Utilities,2020,All Jurisdictions,5.0,12606.0,44.3,1.5,1.9,2025-10-21
Utilities,2020,Provincial Jurisdiction,5.0,12606.0,44.3,1.5,1.9,2025-10-21
Construction,2020,All Jurisdictions,10.0,20042.0,44.5,0.8,1.0,2025-10-21
Construction,2020,Federal Jurisdiction,1.0,850.0,48.0,1.5,1.8,2025-10-21
Construction,2020,Provincial Jurisdiction,9.0,19192.0,44.4,0.8,1.0,2025-10-21
Manufacturing,2020,All Jurisdictions,14.0,39945.0,40.3,3.2,2.1,2025-10-21
Manufacturing,2020,Provincial Jurisdiction,14.0,39945.0,40.3,3.2,2.1,2025-10-21
Wholesale and retail trade,2020,All Jurisdictions,9.0,13811.0,75.5,0.9,1.0,2025-10-21
Wholesale and retail trade,2020,Provincial Jurisdiction,9.0,13811.0,75.5,0.9,1.0,2025-10-21
Transportation,2020,All Jurisdictions,22.0,98811.0,51.5,2.1,2.3,2025-10-21
Transportation,2020,Federal Jurisdiction,15.0,89283.0,51.9,2.2,2.4,2025-10-21
Transportation,2020,Provincial Jurisdiction,7.0,9528.0,47.9,0.7,1.1,2025-10-21
Information and culture,2020,All Jurisdictions,2.0,3450.0,43.9,1.2,1.3,2025-10-21
Information and culture,2020,Federal Jurisdiction,1.0,1200.0,36.1,1.5,1.5,2025-10-21
Information and culture,2020,Provincial Jurisdiction,1.0,2250.0,48.0,1.0,1.1,2025-10-21
Finance and professional services,2020,All Jurisdictions,9.0,25148.0,45.8,1.3,1.6,2025-10-21
Finance and professional services,2020,Federal Jurisdiction,4.0,10960.0,47.5,1.4,1.3,2025-10-21
Finance and professional services,2020,Provincial Jurisdiction,5.0,14188.0,44.5,1.3,1.8,2025-10-21
"Education, health, and social services",2020,All Jurisdictions,74.0,385643.0,36.4,1.5,1.9,2025-10-21
"Education, health, and social services",2020,Provincial Jurisdiction,74.0,385643.0,36.4,1.5,1.9,2025-10-21
Entertainment and hospitality,2020,All Jurisdictions,3.0,2038.0,31.3,1.6,1.7,2025-10-21
Entertainment and hospitality,2020,Provincial Jurisdiction,3.0,2038.0,31.3,1.6,1.7,2025-10-21
Public administration,2020,All Jurisdictions,33.0,207779.0,42.7,2.3,1.9,2025-10-21
Public administration,2020,Federal Jurisdiction,9.0,159190.0,39.8,2.6,2.1,2025-10-21
Public administration,2020,Provincial Jurisdiction,24.0,48589.0,52.3,1.2,1.4,2025-10-21
All industries,2021,All Jurisdictions,179.0,1030411.0,42.8,1.8,1.9,2025-10-21
All industries,2021,Federal Jurisdiction,26.0,119215.0,49.1,1.9,2.4,2025-10-21
All industries,2021,Provincial Jurisdiction,153.0,911196.0,42.0,1.8,1.9,2025-10-21
Primary industries,2021,All Jurisdictions,3.0,3139.0,44.5,1.4,2.4,2025-10-21
Primary industries,2021,Federal Jurisdiction,1.0,710.0,42.0,2.0,2.0,2025-10-21
Primary industries,2021,Provincial Jurisdiction,2.0,2429.0,45.3,1.2,2.5,2025-10-21
Utilities,2021,All Jurisdictions,8.0,17469.0,27.5,1.1,1.1,2025-10-21
Utilities,2021,Provincial Jurisdiction,8.0,17469.0,27.5,1.1,1.1,2025-10-21
Construction,2021,All Jurisdictions,9.0,149177.0,47.9,2.0,2.0,2025-10-21
Construction,2021,Provincial Jurisdiction,9.0,149177.0,47.9,2.0,2.0,2025-10-21
Manufacturing,2021,All Jurisdictions,15.0,14707.0,51.2,4.5,2.3,2025-10-21
Manufacturing,2021,Provincial Jurisdiction,15.0,14707.0,51.2,4.5,2.3,2025-10-21
Wholesale and retail trade,2021,All Jurisdictions,10.0,24770.0,55.8,1.5,1.4,2025-10-21
Wholesale and retail trade,2021,Provincial Jurisdiction,10.0,24770.0,55.8,1.5,1.4,2025-10-21
Transportation,2021,All Jurisdictions,14.0,57058.0,40.6,2.1,2.5,2025-10-21
Transportation,2021,Federal Jurisdiction,13.0,56028.0,40.5,2.1,2.5,2025-10-21
Transportation,2021,Provincial Jurisdiction,1.0,1030.0,48.0,3.0,2.5,2025-10-21
Information and culture,2021,All Jurisdictions,5.0,8228.0,57.5,1.7,1.9,2025-10-21
Information and culture,2021,Federal Jurisdiction,4.0,7410.0,59.8,1.7,1.9,2025-10-21
Information and culture,2021,Provincial Jurisdiction,1.0,818.0,36.0,2.0,2.0,2025-10-21
Finance and professional services,2021,All Jurisdictions,6.0,7582.0,43.2,0.5,2.1,2025-10-21
Finance and professional services,2021,Federal Jurisdiction,3.0,3925.0,40.4,0.5,1.7,2025-10-21
Finance and professional services,2021,Provincial Jurisdiction,3.0,3657.0,46.2,0.4,2.5,2025-10-21
"Education, health, and social services",2021,All Jurisdictions,69.0,584584.0,38.9,1.8,1.9,2025-10-21
"Education, health, and social services",2021,Provincial Jurisdiction,69.0,584584.0,38.9,1.8,1.9,2025-10-21
Entertainment and hospitality,2021,All Jurisdictions,4.0,4836.0,36.7,0.1,1.0,2025-10-21
Entertainment and hospitality,2021,Provincial Jurisdiction,4.0,4836.0,36.7,0.1,1.0,2025-10-21
Public administration,2021,All Jurisdictions,36.0,158861.0,51.4,1.7,1.9,2025-10-21
Public administration,2021,Federal Jurisdiction,5.0,51142.0,57.6,1.8,2.4,2025-10-21
Public administration,2021,Provincial Jurisdiction,31.0,107719.0,48.4,1.7,1.7,2025-10-21
All industries,2022,All Jurisdictions,147.0,706936.0,42.5,2.8,2.7,2025-10-21
All industries,2022,Federal Jurisdiction,24.0,45513.0,48.7,3.4,3.0,2025-10-21
All industries,2022,Provincial Jurisdiction,123.0,661423.0,42.1,2.8,2.7,2025-10-21
Primary industries,2022,All Jurisdictions,1.0,1011.0,60.0,2.0,2.0,2025-10-21
Primary industries,2022,Provincial Jurisdiction,1.0,1011.0,60.0,2.0,2.0,2025-10-21
Utilities,2022,All Jurisdictions,4.0,3055.0,44.7,0.4,1.6,2025-10-21
Utilities,2022,Provincial Jurisdiction,4.0,3055.0,44.7,0.4,1.6,2025-10-21
Construction,2022,All Jurisdictions,8.0,58510.0,35.7,4.6,4.4,2025-10-21
Construction,2022,Provincial Jurisdiction,8.0,58510.0,35.7,4.6,4.4,2025-10-21
Manufacturing,2022,All Jurisdictions,8.0,12376.0,52.3,9.0,3.9,2025-10-21
Manufacturing,2022,Provincial Jurisdiction,8.0,12376.0,52.3,9.0,3.9,2025-10-21
Wholesale and retail trade,2022,All Jurisdictions,3.0,10577.0,43.5,7.9,3.1,2025-10-21
Wholesale and retail trade,2022,Provincial Jurisdiction,3.0,10577.0,43.5,7.9,3.1,2025-10-21
Transportation,2022,All Jurisdictions,17.0,42278.0,42.0,3.3,2.9,2025-10-21
Transportation,2022,Federal Jurisdiction,13.0,24833.0,49.1,3.9,3.3,2025-10-21
Transportation,2022,Provincial Jurisdiction,4.0,17445.0,31.8,2.5,2.4,2025-10-21
Information and culture,2022,All Jurisdictions,9.0,15770.0,47.8,2.6,2.4,2025-10-21
Information and culture,2022,Federal Jurisdiction,6.0,13890.0,48.9,2.8,2.6,2025-10-21
Information and culture,2022,Provincial Jurisdiction,3.0,1880.0,39.5,1.1,1.1,2025-10-21
Finance and professional services,2022,All Jurisdictions,9.0,23855.0,53.6,1.8,2.1,2025-10-21
Finance and professional services,2022,Federal Jurisdiction,4.0,2290.0,44.3,2.4,2.7,2025-10-21
Finance and professional services,2022,Provincial Jurisdiction,5.0,21565.0,54.6,1.7,2.0,2025-10-21
"Education, health, and social services",2022,All Jurisdictions,59.0,404495.0,42.9,2.5,2.6,2025-10-21
"Education, health, and social services",2022,Provincial Jurisdiction,59.0,404495.0,42.9,2.5,2.6,2025-10-21
Entertainment and hospitality,2022,All Jurisdictions,2.0,2406.0,40.0,4.8,3.7,2025-10-21
Entertainment and hospitality,2022,Provincial Jurisdiction,2.0,2406.0,40.0,4.8,3.7,2025-10-21
Public administration,2022,All Jurisdictions,27.0,132603.0,40.7,2.4,2.3,2025-10-21
Public administration,2022,Federal Jurisdiction,1.0,4500.0,48.0,3.5,2.8,2025-10-21
Public administration,2022,Provincial Jurisdiction,26.0,128103.0,40.5,2.3,2.3,2025-10-21
All industries,2023,All Jurisdictions,159.0,720010.0,42.9,3.7,3.4,2025-10-21
All industries,2023,Federal Jurisdiction,36.0,263293.0,47.1,2.7,3.2,2025-10-21
All industries,2023,Provincial Jurisdiction,123.0,456717.0,40.5,4.3,3.4,2025-10-21
Primary industries,2023,All Jurisdictions,1.0,750.0,48.0,3.5,2.9,2025-10-21
Primary industries,2023,Provincial Jurisdiction,1.0,750.0,48.0,3.5,2.9,2025-10-21
Utilities,2023,All Jurisdictions,8.0,19154.0,29.4,3.9,3.8,2025-10-21
Utilities,2023,Provincial Jurisdiction,8.0,19154.0,29.4,3.9,3.8,2025-10-21
Construction,2023,All Jurisdictions,9.0,25701.0,27.8,8.2,5.9,2025-10-21
Construction,2023,Federal Jurisdiction,1.0,850.0,60.0,4.0,3.8,2025-10-21
Construction,2023,Provincial Jurisdiction,8.0,24851.0,26.7,8.4,5.9,2025-10-21
Manufacturing,2023,All Jurisdictions,9.0,22886.0,37.3,8.9,4.9,2025-10-21
Manufacturing,2023,Provincial Jurisdiction,9.0,22886.0,37.3,8.9,4.9,2025-10-21
Wholesale and retail trade,2023,All Jurisdictions,4.0,13379.0,57.5,8.9,4.0,2025-10-21
Wholesale and retail trade,2023,Provincial Jurisdiction,4.0,13379.0,57.5,8.9,4.0,2025-10-21
Transportation,2023,All Jurisdictions,24.0,44872.0,38.1,4.9,3.9,2025-10-21
Transportation,2023,Federal Jurisdiction,17.0,32469.0,38.5,5.9,4.4,2025-10-21
Transportation,2023,Provincial Jurisdiction,7.0,12403.0,37.2,2.4,2.4,2025-10-21
Information and culture,2023,All Jurisdictions,4.0,10961.0,57.3,1.6,2.5,2025-10-21
Information and culture,2023,Federal Jurisdiction,4.0,10961.0,57.3,1.6,2.5,2025-10-21
Finance and professional services,2023,All Jurisdictions,4.0,3619.0,45.8,7.0,4.3,2025-10-21
Finance and professional services,2023,Federal Jurisdiction,3.0,2065.0,27.7,9.0,6.1,2025-10-21
Finance and professional services,2023,Provincial Jurisdiction,1.0,1554.0,69.8,4.2,2.0,2025-10-21
"Education, health, and social services",2023,All Jurisdictions,61.0,315067.0,41.4,3.7,3.2,2025-10-21
"Education, health, and social services",2023,Provincial Jurisdiction,61.0,315067.0,41.4,3.7,3.2,2025-10-21
Public administration,2023,All Jurisdictions,35.0,263621.0,47.1,2.3,3.0,2025-10-21
Public administration,2023,Federal Jurisdiction,11.0,216948.0,48.0,2.2,3.0,2025-10-21
Public administration,2023,Provincial Jurisdiction,24.0,46673.0,42.7,2.9,2.8,2025-10-21
All industries,2024,All Jurisdictions,145.0,1115557.0,50.8,4.7,3.4,2025-10-21
All industries,2024,Federal Jurisdiction,23.0,69202.0,35.6,4.5,3.6,2025-10-21
All industries,2024,Provincial Jurisdiction,122.0,1046355.0,51.8,4.8,3.3,2025-10-21
Primary industries,2024,All Jurisdictions,1.0,3317.0,36.0,5.0,4.0,2025-10-21
Primary industries,2024,Provincial Jurisdiction,1.0,3317.0,36.0,5.0,4.0,2025-10-21
Utilities,2024,All Jurisdictions,3.0,3361.0,31.9,3.3,3.0,2025-10-21
Utilities,2024,Provincial Jurisdiction,3.0,3361.0,31.9,3.3,3.0,2025-10-21
Construction,2024,All Jurisdictions,1.0,700.0,48.0,2.8,2.6,2025-10-21
Construction,2024,Federal Jurisdiction,1.0,700.0,48.0,2.8,2.6,2025-10-21
Manufacturing,2024,All Jurisdictions,7.0,8804.0,41.9,10.4,6.1,2025-10-21
Manufacturing,2024,Provincial Jurisdiction,7.0,8804.0,41.9,10.4,6.1,2025-10-21
Wholesale and retail trade,2024,All Jurisdictions,1.0,10229.0,36.0,3.0,2.6,2025-10-21
Wholesale and retail trade,2024,Provincial Jurisdiction,1.0,10229.0,36.0,3.0,2.6,2025-10-21
Transportation,2024,All Jurisdictions,11.0,24201.0,41.5,5.0,4.0,2025-10-21
Transportation,2024,Federal Jurisdiction,9.0,10901.0,46.3,5.6,3.7,2025-10-21
Transportation,2024,Provincial Jurisdiction,2.0,13300.0,37.6,4.6,4.2,2025-10-21
Information and culture,2024,All Jurisdictions,6.0,8605.0,40.7,3.2,2.0,2025-10-21
Information and culture,2024,Federal Jurisdiction,3.0,5600.0,39.8,3.1,1.7,2025-10-21
Information and culture,2024,Provincial Jurisdiction,3.0,3005.0,42.4,3.4,2.6,2025-10-21
Finance and professional services,2024,All Jurisdictions,7.0,24715.0,35.1,3.4,3.7,2025-10-21
Finance and professional services,2024,Federal Jurisdiction,3.0,10430.0,15.5,4.5,4.4,2025-10-21
Finance and professional services,2024,Provincial Jurisdiction,4.0,14285.0,49.5,2.5,3.2,2025-10-21
"Education, health, and social services",2024,All Jurisdictions,76.0,904206.0,53.2,4.9,3.3,2025-10-21
"Education, health, and social services",2024,Provincial Jurisdiction,76.0,904206.0,53.2,4.9,3.3,2025-10-21
Entertainment and hospitality,2024,All Jurisdictions,2.0,1311.0,30.9,7.1,5.1,2025-10-21
Entertainment and hospitality,2024,Provincial Jurisdiction,2.0,1311.0,30.9,7.1,5.1,2025-10-21
Public administration,2024,All Jurisdictions,30.0,126108.0,42.1,3.9,3.3,2025-10-21
Public administration,2024,Federal Jurisdiction,7.0,41571.0,37.0,4.5,3.7,2025-10-21
Public administration,2024,Provincial Jurisdiction,23.0,84537.0,44.6,3.6,3.1,2025-10-21
All industries,2025,All Jurisdictions,51.0,299241.0,47.6,5.8,3.9,2025-10-21
All industries,2025,Federal Jurisdiction,9.0,17332.0,47.9,4.8,3.8,2025-10-21
All industries,2025,Provincial Jurisdiction,42.0,281909.0,47.6,5.8,3.9,2025-10-21
Primary industries,2025,All Jurisdictions,1.0,536.0,36.0,3.0,3.0,2025-10-21
Primary industries,2025,Federal Jurisdiction,1.0,536.0,36.0,3.0,3.0,2025-10-21
Utilities,2025,All Jurisdictions,2.0,3280.0,52.8,2.9,3.5,2025-10-21
Utilities,2025,Provincial Jurisdiction,2.0,3280.0,52.8,2.9,3.5,2025-10-21
Construction,2025,All Jurisdictions,9.0,163584.0,48.0,7.4,4.3,2025-10-21
Construction,2025,Provincial Jurisdiction,9.0,163584.0,48.0,7.4,4.3,2025-10-21
Manufacturing,2025,All Jurisdictions,1.0,2400.0,72.0,4.0,3.2,2025-10-21
Manufacturing,2025,Provincial Jurisdiction,1.0,2400.0,72.0,4.0,3.2,2025-10-21
Wholesale and retail trade,2025,All Jurisdictions,2.0,5825.0,70.2,6.1,3.4,2025-10-21
Wholesale and retail trade,2025,Provincial Jurisdiction,2.0,5825.0,70.2,6.1,3.4,2025-10-21
Transportation,2025,All Jurisdictions,7.0,11782.0,43.0,4.2,3.6,2025-10-21
Transportation,2025,Federal Jurisdiction,5.0,5790.0,45.2,5.4,4.1,2025-10-21
Transportation,2025,Provincial Jurisdiction,2.0,5992.0,40.9,3.0,3.1,2025-10-21
Information and culture,2025,All Jurisdictions,1.0,2500.0,60.0,4.0,3.4,2025-10-21
Information and culture,2025,Federal Jurisdiction,1.0,2500.0,60.0,4.0,3.4,2025-10-21
Finance and professional services,2025,All Jurisdictions,2.0,2386.0,36.0,4.2,4.2,2025-10-21
Finance and professional services,2025,Federal Jurisdiction,1.0,836.0,36.0,4.0,3.5,2025-10-21
Finance and professional services,2025,Provincial Jurisdiction,1.0,1550.0,36.0,4.2,4.6,2025-10-21
"Education, health, and social services",2025,All Jurisdictions,17.0,72390.0,44.8,3.2,3.1,2025-10-21
"Education, health, and social services",2025,Provincial Jurisdiction,17.0,72390.0,44.8,3.2,3.1,2025-10-21
Entertainment and hospitality,2025,All Jurisdictions,1.0,1606.0,24.0,10.8,10.2,2025-10-21
Entertainment and hospitality,2025,Provincial Jurisdiction,1.0,1606.0,24.0,10.8,10.2,2025-10-21
Public administration,2025,All Jurisdictions,8.0,32952.0,48.2,4.2,3.3,2025-10-21
Public administration,2025,Federal Jurisdiction,1.0,7670.0,48.0,4.7,3.7,2025-10-21
Public administration,2025,Provincial Jurisdiction,7.0,25282.0,48.3,4.0,3.2,2025-10-21
