Jurisdiction,Month,Sector_Type,Number_of_Agreements,Number_of_Employees,Duration_Months_Avg,First_Year_Pct_Adjustment_Avg,Annual_Pct_Adjustment_Avg,Extraction_Date
All jurisdictions,August 2024,All Sectors,5.0,21192.0,45.1,3.2,3.0,2025-10-21
All jurisdictions,August 2024,Private Sector,2.0,2990.0,36.0,7.0,2.8,2025-10-21
All jurisdictions,August 2024,Public Sector,3.0,18202.0,46.5,2.6,3.1,2025-10-21
Federal jurisdiction,August 2024,All Sectors,1.0,652.0,36.0,4.0,3.3,2025-10-21
Federal jurisdiction,August 2024,Public Sector,1.0,652.0,36.0,4.0,3.3,2025-10-21
Ontario,August 2024,All Sectors,1.0,1550.0,36.0,3.1,2.9,2025-10-21
Ontario,August 2024,Public Sector,1.0,1550.0,36.0,3.1,2.9,2025-10-21
Manitoba,August 2024,All Sectors,1.0,16000.0,48.0,2.5,3.1,2025-10-21
Manitoba,August 2024,Public Sector,1.0,16000.0,48.0,2.5,3.1,2025-10-21
Alberta,August 2024,All Sectors,1.0,750.0,36.0,5.0,3.7,2025-10-21
Alberta,August 2024,Private Sector,1.0,750.0,36.0,5.0,3.7,2025-10-21
Multi-provinces,August 2024,All Sectors,1.0,2240.0,36.0,7.7,2.5,2025-10-21
Multi-provinces,August 2024,Private Sector,1.0,2240.0,36.0,7.7,2.5,2025-10-21
All jurisdictions,September 2024,All Sectors,5.0,14010.0,31.8,5.7,4.4,2025-10-21
All jurisdictions,September 2024,Private Sector,4.0,9010.0,29.4,6.9,5.1,2025-10-21
All jurisdictions,September 2024,Public Sector,1.0,5000.0,36.0,3.5,3.0,2025-10-21
Federal jurisdiction,September 2024,All Sectors,1.0,550.0,48.0,5.0,4.2,2025-10-21
Federal jurisdiction,September 2024,Private Sector,1.0,550.0,48.0,5.0,4.2,2025-10-21
Ontario,September 2024,All Sectors,4.0,13460.0,31.1,5.7,4.4,2025-10-21
Ontario,September 2024,Private Sector,3.0,8460.0,28.2,7.1,5.2,2025-10-21
Ontario,September 2024,Public Sector,1.0,5000.0,36.0,3.5,3.0,2025-10-21
All jurisdictions,October 2024,All Sectors,8.0,45176.0,45.7,3.4,3.7,2025-10-21
All jurisdictions,October 2024,Private Sector,2.0,7296.0,46.0,3.5,3.1,2025-10-21
All jurisdictions,October 2024,Public Sector,6.0,37880.0,45.6,3.4,3.8,2025-10-21
Federal jurisdiction,October 2024,All Sectors,2.0,1680.0,39.4,4.2,3.2,2025-10-21
Federal jurisdiction,October 2024,Private Sector,1.0,600.0,24.0,3.2,3.1,2025-10-21
Federal jurisdiction,October 2024,Public Sector,1.0,1080.0,48.0,4.7,3.2,2025-10-21
Ontario,October 2024,All Sectors,2.0,10700.0,47.5,3.4,2.8,2025-10-21
Ontario,October 2024,Public Sector,2.0,10700.0,47.5,3.4,2.8,2025-10-21
Manitoba,October 2024,All Sectors,2.0,25696.0,48.0,2.8,4.2,2025-10-21
Manitoba,October 2024,Private Sector,1.0,6696.0,48.0,3.5,3.1,2025-10-21
Manitoba,October 2024,Public Sector,1.0,19000.0,48.0,2.5,4.6,2025-10-21
Alberta,October 2024,All Sectors,1.0,1100.0,36.0,3.0,3.0,2025-10-21
Alberta,October 2024,Public Sector,1.0,1100.0,36.0,3.0,3.0,2025-10-21
All territories,October 2024,All Sectors,1.0,6000.0,36.0,6.0,3.5,2025-10-21
All territories,October 2024,Public Sector,1.0,6000.0,36.0,6.0,3.5,2025-10-21
All jurisdictions,November 2024,All Sectors,6.0,6894.0,38.1,3.7,3.4,2025-10-21
All jurisdictions,November 2024,Public Sector,6.0,6894.0,38.1,3.7,3.4,2025-10-21
Federal jurisdiction,November 2024,All Sectors,1.0,1020.0,48.0,4.8,3.1,2025-10-21
Federal jurisdiction,November 2024,Public Sector,1.0,1020.0,48.0,4.8,3.1,2025-10-21
Ontario,November 2024,All Sectors,3.0,2747.0,32.7,3.7,3.4,2025-10-21
Ontario,November 2024,Public Sector,3.0,2747.0,32.7,3.7,3.4,2025-10-21
Alberta,November 2024,All Sectors,2.0,3127.0,39.6,3.4,3.4,2025-10-21
Alberta,November 2024,Public Sector,2.0,3127.0,39.6,3.4,3.4,2025-10-21
All jurisdictions,December 2024,All Sectors,15.0,125802.0,52.7,5.3,3.7,2025-10-21
All jurisdictions,December 2024,Private Sector,7.0,13801.0,57.2,2.8,3.7,2025-10-21
All jurisdictions,December 2024,Public Sector,8.0,112001.0,52.1,5.7,3.7,2025-10-21
Federal jurisdiction,December 2024,All Sectors,4.0,9004.0,48.0,4.8,3.2,2025-10-21
Federal jurisdiction,December 2024,Private Sector,2.0,2594.0,48.0,4.7,3.2,2025-10-21
Federal jurisdiction,December 2024,Public Sector,2.0,6410.0,48.0,4.8,3.2,2025-10-21
Nova Scotia,December 2024,All Sectors,2.0,16870.0,24.0,5.1,4.1,2025-10-21
Nova Scotia,December 2024,Public Sector,2.0,16870.0,24.0,5.1,4.1,2025-10-21
Quebec,December 2024,All Sectors,4.0,89929.0,60.6,5.6,3.6,2025-10-21
Quebec,December 2024,Private Sector,3.0,8256.0,66.7,2.0,4.0,2025-10-21
Quebec,December 2024,Public Sector,1.0,81673.0,60.0,6.0,3.6,2025-10-21
Ontario,December 2024,All Sectors,1.0,4840.0,12.0,5.0,5.0,2025-10-21
Ontario,December 2024,Public Sector,1.0,4840.0,12.0,5.0,5.0,2025-10-21
Alberta,December 2024,All Sectors,3.0,3359.0,57.2,1.7,2.6,2025-10-21
Alberta,December 2024,Private Sector,1.0,1151.0,24.0,4.0,3.7,2025-10-21
Alberta,December 2024,Public Sector,2.0,2208.0,74.5,0.6,2.0,2025-10-21
Multi-provinces,December 2024,All Sectors,1.0,1800.0,48.0,3.0,3.0,2025-10-21
Multi-provinces,December 2024,Private Sector,1.0,1800.0,48.0,3.0,3.0,2025-10-21
All jurisdictions,January 2025,All Sectors,7.0,13702.0,57.6,5.3,3.3,2025-10-21
All jurisdictions,January 2025,Private Sector,3.0,3916.0,58.0,3.6,3.2,2025-10-21
All jurisdictions,January 2025,Public Sector,4.0,9786.0,57.5,6.1,3.3,2025-10-21
Federal jurisdiction,January 2025,All Sectors,1.0,536.0,36.0,3.0,3.0,2025-10-21
Federal jurisdiction,January 2025,Private Sector,1.0,536.0,36.0,3.0,3.0,2025-10-21
Quebec,January 2025,All Sectors,1.0,4947.0,72.0,6.0,3.3,2025-10-21
Quebec,January 2025,Public Sector,1.0,4947.0,72.0,6.0,3.3,2025-10-21
Ontario,January 2025,All Sectors,2.0,1927.0,52.7,5.7,3.6,2025-10-21
Ontario,January 2025,Public Sector,2.0,1927.0,52.7,5.7,3.6,2025-10-21
Alberta,January 2025,All Sectors,2.0,3892.0,36.0,5.4,3.2,2025-10-21
Alberta,January 2025,Private Sector,1.0,980.0,36.0,2.8,3.5,2025-10-21
Alberta,January 2025,Public Sector,1.0,2912.0,36.0,6.3,3.2,2025-10-21
British Columbia,January 2025,All Sectors,1.0,2400.0,72.0,4.0,3.2,2025-10-21
British Columbia,January 2025,Private Sector,1.0,2400.0,72.0,4.0,3.2,2025-10-21
All jurisdictions,February 2025,All Sectors,8.0,15157.0,45.3,4.7,3.6,2025-10-21
All jurisdictions,February 2025,Private Sector,4.0,5057.0,44.9,5.5,4.0,2025-10-21
All jurisdictions,February 2025,Public Sector,4.0,10100.0,45.6,4.3,3.4,2025-10-21
Federal jurisdiction,February 2025,All Sectors,5.0,12727.0,46.7,5.0,3.8,2025-10-21
Federal jurisdiction,February 2025,Private Sector,4.0,5057.0,44.9,5.5,4.0,2025-10-21
Federal jurisdiction,February 2025,Public Sector,1.0,7670.0,48.0,4.7,3.7,2025-10-21
Quebec,February 2025,All Sectors,1.0,566.0,60.0,2.8,2.6,2025-10-21
Quebec,February 2025,Public Sector,1.0,566.0,60.0,2.8,2.6,2025-10-21
Ontario,February 2025,All Sectors,1.0,1300.0,24.0,2.5,2.5,2025-10-21
Ontario,February 2025,Public Sector,1.0,1300.0,24.0,2.5,2.5,2025-10-21
Alberta,February 2025,All Sectors,1.0,564.0,48.0,3.0,3.0,2025-10-21
Alberta,February 2025,Public Sector,1.0,564.0,48.0,3.0,3.0,2025-10-21
All jurisdictions,March 2025,All Sectors,6.0,22135.0,47.7,3.1,3.3,2025-10-21
All jurisdictions,March 2025,Private Sector,1.0,1404.0,72.0,0.0,1.8,2025-10-21
All jurisdictions,March 2025,Public Sector,5.0,20731.0,46.0,3.4,3.4,2025-10-21
Ontario,March 2025,All Sectors,1.0,8240.0,48.0,3.9,3.7,2025-10-21
Ontario,March 2025,Public Sector,1.0,8240.0,48.0,3.9,3.7,2025-10-21
Manitoba,March 2025,All Sectors,2.0,8300.0,48.0,2.9,3.1,2025-10-21
Manitoba,March 2025,Public Sector,2.0,8300.0,48.0,2.9,3.1,2025-10-21
Alberta,March 2025,All Sectors,3.0,5595.0,46.7,2.2,2.9,2025-10-21
Alberta,March 2025,Private Sector,1.0,1404.0,72.0,0.0,1.8,2025-10-21
Alberta,March 2025,Public Sector,2.0,4191.0,38.3,3.0,3.3,2025-10-21
All jurisdictions,April 2025,All Sectors,13.0,172748.0,46.9,6.3,4.6,2025-10-21
All jurisdictions,April 2025,Private Sector,6.0,116015.0,47.8,7.7,5.3,2025-10-21
All jurisdictions,April 2025,Public Sector,7.0,56733.0,45.3,3.4,3.1,2025-10-21
Nova Scotia,April 2025,All Sectors,1.0,1180.0,24.0,5.6,3.8,2025-10-21
Nova Scotia,April 2025,Public Sector,1.0,1180.0,24.0,5.6,3.8,2025-10-21
Quebec,April 2025,All Sectors,5.0,111801.0,48.7,7.7,5.3,2025-10-21
Quebec,April 2025,Private Sector,4.0,106088.0,48.1,8.0,5.5,2025-10-21
Quebec,April 2025,Public Sector,1.0,5713.0,60.0,2.8,2.5,2025-10-21
Ontario,April 2025,All Sectors,3.0,5111.0,32.2,6.7,7.0,2025-10-21
Ontario,April 2025,Private Sector,1.0,1606.0,24.0,10.8,10.2,2025-10-21
Ontario,April 2025,Public Sector,2.0,3505.0,36.0,4.8,5.5,2025-10-21
Saskatchewan,April 2025,All Sectors,1.0,12800.0,36.0,4.0,3.0,2025-10-21
Saskatchewan,April 2025,Public Sector,1.0,12800.0,36.0,4.0,3.0,2025-10-21
Alberta,April 2025,All Sectors,3.0,41856.0,48.0,3.0,2.9,2025-10-21
Alberta,April 2025,Private Sector,1.0,8321.0,47.9,3.0,2.5,2025-10-21
Alberta,April 2025,Public Sector,2.0,33535.0,48.0,3.0,3.0,2025-10-21
All jurisdictions,May 2025,All Sectors,9.0,25184.0,45.1,3.1,3.0,2025-10-21
All jurisdictions,May 2025,Private Sector,4.0,11083.0,46.3,2.9,2.8,2025-10-21
All jurisdictions,May 2025,Public Sector,5.0,14101.0,44.2,3.2,3.1,2025-10-21
Quebec,May 2025,All Sectors,2.0,1847.0,60.0,5.5,4.2,2025-10-21
Quebec,May 2025,Public Sector,2.0,1847.0,60.0,5.5,4.2,2025-10-21
Ontario,May 2025,All Sectors,1.0,910.0,36.0,2.5,2.5,2025-10-21
Ontario,May 2025,Public Sector,1.0,910.0,36.0,2.5,2.5,2025-10-21
Alberta,May 2025,All Sectors,5.0,20877.0,44.9,2.8,2.8,2025-10-21
Alberta,May 2025,Private Sector,3.0,9533.0,47.9,2.7,2.5,2025-10-21
Alberta,May 2025,Public Sector,2.0,11344.0,42.3,2.9,3.0,2025-10-21
British Columbia,May 2025,All Sectors,1.0,1550.0,36.0,4.2,4.6,2025-10-21
British Columbia,May 2025,Private Sector,1.0,1550.0,36.0,4.2,4.6,2025-10-21
All jurisdictions,June 2025,All Sectors,4.0,4657.0,53.6,3.6,3.4,2025-10-21
All jurisdictions,June 2025,Private Sector,2.0,1523.0,47.1,4.7,3.5,2025-10-21
All jurisdictions,June 2025,Public Sector,2.0,3134.0,56.8,3.0,3.4,2025-10-21
Federal jurisdiction,June 2025,All Sectors,1.0,733.0,48.0,5.0,4.5,2025-10-21
Federal jurisdiction,June 2025,Private Sector,1.0,733.0,48.0,5.0,4.5,2025-10-21
Quebec,June 2025,All Sectors,1.0,2300.0,60.0,3.0,3.5,2025-10-21
Quebec,June 2025,Public Sector,1.0,2300.0,60.0,3.0,3.5,2025-10-21
Alberta,June 2025,All Sectors,2.0,1624.0,47.2,3.7,2.8,2025-10-21
Alberta,June 2025,Private Sector,1.0,790.0,46.3,4.4,2.5,2025-10-21
Alberta,June 2025,Public Sector,1.0,834.0,48.0,3.0,3.0,2025-10-21
All jurisdictions,July 2025,All Sectors,4.0,45658.0,48.4,7.4,2.1,2025-10-21
All jurisdictions,July 2025,Private Sector,2.0,42230.0,48.7,7.8,2.0,2025-10-21
All jurisdictions,July 2025,Public Sector,2.0,3428.0,44.6,3.2,3.2,2025-10-21
Federal jurisdiction,July 2025,All Sectors,2.0,3336.0,54.0,4.0,3.4,2025-10-21
Federal jurisdiction,July 2025,Private Sector,1.0,2500.0,60.0,4.0,3.4,2025-10-21
Federal jurisdiction,July 2025,Public Sector,1.0,836.0,36.0,4.0,3.5,2025-10-21
Quebec,July 2025,All Sectors,1.0,39730.0,48.0,8.0,1.9,2025-10-21
Quebec,July 2025,Private Sector,1.0,39730.0,48.0,8.0,1.9,2025-10-21
Alberta,July 2025,All Sectors,1.0,2592.0,47.4,3.0,3.0,2025-10-21
Alberta,July 2025,Public Sector,1.0,2592.0,47.4,3.0,3.0,2025-10-21
All jurisdictions,Q32022,All Sectors,46.0,207945.0,47.3,2.1,1.9,2025-10-21
All jurisdictions,Q32022,Private Sector,17.0,54160.0,51.9,4.7,3.4,2025-10-21
All jurisdictions,Q32022,Public Sector,29.0,153785.0,45.6,1.1,1.4,2025-10-21
Federal jurisdiction,Q32022,All Sectors,13.0,30144.0,49.2,3.5,3.0,2025-10-21
Federal jurisdiction,Q32022,Private Sector,8.0,24579.0,51.0,3.6,3.1,2025-10-21
Federal jurisdiction,Q32022,Public Sector,5.0,5565.0,41.0,3.3,2.7,2025-10-21
Nova Scotia,Q32022,All Sectors,1.0,3500.0,36.0,1.5,2.2,2025-10-21
Nova Scotia,Q32022,Public Sector,1.0,3500.0,36.0,1.5,2.2,2025-10-21
Quebec,Q32022,All Sectors,5.0,45230.0,46.4,2.1,2.2,2025-10-21
Quebec,Q32022,Private Sector,2.0,16630.0,60.0,2.4,2.3,2025-10-21
Quebec,Q32022,Public Sector,3.0,28600.0,38.5,1.9,2.1,2025-10-21
Ontario,Q32022,All Sectors,8.0,29313.0,39.8,3.0,1.9,2025-10-21
Ontario,Q32022,Private Sector,4.0,6940.0,47.8,8.9,4.8,2025-10-21
Ontario,Q32022,Public Sector,4.0,22373.0,37.3,1.2,1.1,2025-10-21
Manitoba,Q32022,All Sectors,5.0,29680.0,59.4,1.8,1.4,2025-10-21
Manitoba,Q32022,Public Sector,5.0,29680.0,59.4,1.8,1.4,2025-10-21
Alberta,Q32022,All Sectors,11.0,65589.0,45.8,1.0,1.3,2025-10-21
Alberta,Q32022,Private Sector,1.0,3000.0,31.9,18.3,8.2,2025-10-21
Alberta,Q32022,Public Sector,10.0,62589.0,46.5,0.2,0.9,2025-10-21
British Columbia,Q32022,All Sectors,2.0,2489.0,45.7,3.3,3.6,2025-10-21
British Columbia,Q32022,Private Sector,1.0,1011.0,60.0,2.0,2.0,2025-10-21
British Columbia,Q32022,Public Sector,1.0,1478.0,36.0,4.2,4.6,2025-10-21
Multi-provinces,Q32022,All Sectors,1.0,2000.0,36.0,5.3,4.3,2025-10-21
Multi-provinces,Q32022,Private Sector,1.0,2000.0,36.0,5.3,4.3,2025-10-21
All jurisdictions,Q42022,All Sectors,44.0,246342.0,39.3,3.9,3.6,2025-10-21
All jurisdictions,Q42022,Private Sector,9.0,15408.0,46.9,4.6,3.7,2025-10-21
All jurisdictions,Q42022,Public Sector,35.0,230934.0,38.8,3.8,3.6,2025-10-21
Federal jurisdiction,Q42022,All Sectors,6.0,9188.0,48.8,3.3,2.7,2025-10-21
Federal jurisdiction,Q42022,Private Sector,5.0,4688.0,49.5,3.0,2.7,2025-10-21
Federal jurisdiction,Q42022,Public Sector,1.0,4500.0,48.0,3.5,2.8,2025-10-21
Newfoundland and Labrador,Q42022,All Sectors,2.0,2200.0,48.0,4.1,1.8,2025-10-21
Newfoundland and Labrador,Q42022,Public Sector,2.0,2200.0,48.0,4.1,1.8,2025-10-21
Nova Scotia,Q42022,All Sectors,2.0,2104.0,43.9,1.3,4.6,2025-10-21
Nova Scotia,Q42022,Public Sector,2.0,2104.0,43.9,1.3,4.6,2025-10-21
Quebec,Q42022,All Sectors,6.0,12469.0,59.9,2.9,2.5,2025-10-21
Quebec,Q42022,Private Sector,2.0,2560.0,43.9,6.5,4.2,2025-10-21
Quebec,Q42022,Public Sector,4.0,9909.0,64.1,2.0,2.1,2025-10-21
Ontario,Q42022,All Sectors,11.0,133244.0,37.4,4.3,3.9,2025-10-21
Ontario,Q42022,Private Sector,1.0,7370.0,48.0,4.1,3.9,2025-10-21
Ontario,Q42022,Public Sector,10.0,125874.0,36.8,4.3,3.9,2025-10-21
Manitoba,Q42022,All Sectors,1.0,4600.0,48.0,1.7,2.6,2025-10-21
Manitoba,Q42022,Public Sector,1.0,4600.0,48.0,1.7,2.6,2025-10-21
Saskatchewan,Q42022,All Sectors,1.0,2000.0,48.0,0.0,0.7,2025-10-21
Saskatchewan,Q42022,Public Sector,1.0,2000.0,48.0,0.0,0.7,2025-10-21
Alberta,Q42022,All Sectors,12.0,17755.0,41.3,1.5,1.4,2025-10-21
Alberta,Q42022,Private Sector,1.0,790.0,30.1,12.5,6.7,2025-10-21
Alberta,Q42022,Public Sector,11.0,16965.0,41.8,0.9,1.2,2025-10-21
British Columbia,Q42022,All Sectors,3.0,62782.0,36.0,4.2,3.9,2025-10-21
British Columbia,Q42022,Public Sector,3.0,62782.0,36.0,4.2,3.9,2025-10-21
All jurisdictions,Q12023,All Sectors,30.0,61655.0,42.6,3.8,3.4,2025-10-21
All jurisdictions,Q12023,Private Sector,10.0,26380.0,37.8,4.8,4.0,2025-10-21
All jurisdictions,Q12023,Public Sector,20.0,35275.0,46.2,3.0,3.0,2025-10-21
Federal jurisdiction,Q12023,All Sectors,5.0,11340.0,55.9,1.3,2.6,2025-10-21
Federal jurisdiction,Q12023,Private Sector,4.0,9390.0,55.0,1.0,2.5,2025-10-21
Federal jurisdiction,Q12023,Public Sector,1.0,1950.0,60.0,2.8,2.9,2025-10-21
Newfoundland and Labrador,Q12023,All Sectors,1.0,1330.0,60.0,0.0,2.4,2025-10-21
Newfoundland and Labrador,Q12023,Public Sector,1.0,1330.0,60.0,0.0,2.4,2025-10-21
Nova Scotia,Q12023,All Sectors,1.0,1000.0,36.0,1.5,2.2,2025-10-21
Nova Scotia,Q12023,Public Sector,1.0,1000.0,36.0,1.5,2.2,2025-10-21
Quebec,Q12023,All Sectors,2.0,2201.0,56.1,7.7,3.9,2025-10-21
Quebec,Q12023,Public Sector,2.0,2201.0,56.1,7.7,3.9,2025-10-21
Ontario,Q12023,All Sectors,6.0,8041.0,48.5,2.4,2.4,2025-10-21
Ontario,Q12023,Private Sector,2.0,1246.0,36.0,4.7,4.1,2025-10-21
Ontario,Q12023,Public Sector,4.0,6795.0,50.8,2.0,2.1,2025-10-21
Manitoba,Q12023,All Sectors,1.0,2600.0,83.7,0.0,0.9,2025-10-21
Manitoba,Q12023,Public Sector,1.0,2600.0,83.7,0.0,0.9,2025-10-21
Saskatchewan,Q12023,All Sectors,1.0,750.0,48.0,3.5,2.9,2025-10-21
Saskatchewan,Q12023,Private Sector,1.0,750.0,48.0,3.5,2.9,2025-10-21
Alberta,Q12023,All Sectors,6.0,19688.0,29.6,5.7,4.2,2025-10-21
Alberta,Q12023,Private Sector,3.0,14994.0,26.7,7.3,5.0,2025-10-21
Alberta,Q12023,Public Sector,3.0,4694.0,38.8,0.8,1.6,2025-10-21
British Columbia,Q12023,All Sectors,7.0,14705.0,36.0,4.5,4.3,2025-10-21
British Columbia,Q12023,Public Sector,7.0,14705.0,36.0,4.5,4.3,2025-10-21
All jurisdictions,Q22023,All Sectors,51.0,308518.0,42.4,2.6,3.0,2025-10-21
All jurisdictions,Q22023,Private Sector,18.0,34841.0,30.4,6.8,4.9,2025-10-21
All jurisdictions,Q22023,Public Sector,33.0,273677.0,43.9,2.0,2.8,2025-10-21
Federal jurisdiction,Q22023,All Sectors,15.0,189076.0,46.2,2.5,3.2,2025-10-21
Federal jurisdiction,Q22023,Private Sector,9.0,18021.0,29.8,7.4,4.5,2025-10-21
Federal jurisdiction,Q22023,Public Sector,6.0,171055.0,48.0,2.0,3.0,2025-10-21
Prince Edward Island,Q22023,All Sectors,1.0,2600.0,36.0,3.0,3.4,2025-10-21
Prince Edward Island,Q22023,Public Sector,1.0,2600.0,36.0,3.0,3.4,2025-10-21
Nova Scotia,Q22023,All Sectors,1.0,1180.0,44.0,1.5,1.8,2025-10-21
Nova Scotia,Q22023,Public Sector,1.0,1180.0,44.0,1.5,1.8,2025-10-21
Quebec,Q22023,All Sectors,3.0,9371.0,46.4,2.5,2.0,2025-10-21
Quebec,Q22023,Private Sector,1.0,1554.0,69.8,4.2,2.0,2025-10-21
Quebec,Q22023,Public Sector,2.0,7817.0,41.8,2.2,1.9,2025-10-21
Ontario,Q22023,All Sectors,10.0,74425.0,35.5,2.2,2.5,2025-10-21
Ontario,Q22023,Private Sector,2.0,1764.0,42.8,4.1,3.1,2025-10-21
Ontario,Q22023,Public Sector,8.0,72661.0,35.4,2.1,2.5,2025-10-21
Manitoba,Q22023,All Sectors,1.0,1300.0,36.3,3.0,3.5,2025-10-21
Manitoba,Q22023,Private Sector,1.0,1300.0,36.3,3.0,3.5,2025-10-21
Alberta,Q22023,All Sectors,16.0,21092.0,36.0,4.1,3.9,2025-10-21
Alberta,Q22023,Private Sector,4.0,9202.0,24.0,8.4,7.3,2025-10-21
Alberta,Q22023,Public Sector,12.0,11890.0,45.2,0.7,1.2,2025-10-21
British Columbia,Q22023,All Sectors,2.0,2400.0,36.0,3.1,4.2,2025-10-21
British Columbia,Q22023,Public Sector,2.0,2400.0,36.0,3.1,4.2,2025-10-21
All territories,Q22023,All Sectors,1.0,4074.0,36.0,4.5,3.5,2025-10-21
All territories,Q22023,Public Sector,1.0,4074.0,36.0,4.5,3.5,2025-10-21
Multi-provinces,Q22023,All Sectors,1.0,3000.0,24.0,3.2,3.1,2025-10-21
Multi-provinces,Q22023,Private Sector,1.0,3000.0,24.0,3.2,3.1,2025-10-21
All jurisdictions,Q32023,All Sectors,46.0,169307.0,37.5,5.4,4.3,2025-10-21
All jurisdictions,Q32023,Private Sector,14.0,24965.0,43.1,6.5,4.5,2025-10-21
All jurisdictions,Q32023,Public Sector,32.0,144342.0,36.5,5.2,4.2,2025-10-21
Federal jurisdiction,Q32023,All Sectors,12.0,36336.0,46.5,3.0,3.7,2025-10-21
Federal jurisdiction,Q32023,Private Sector,8.0,15341.0,45.7,4.8,4.6,2025-10-21
Federal jurisdiction,Q32023,Public Sector,4.0,20995.0,47.0,1.7,3.0,2025-10-21
Newfoundland and Labrador,Q32023,All Sectors,2.0,6550.0,48.0,2.0,3.8,2025-10-21
Newfoundland and Labrador,Q32023,Public Sector,2.0,6550.0,48.0,2.0,3.8,2025-10-21
Nova Scotia,Q32023,All Sectors,1.0,1000.0,36.0,3.0,2.7,2025-10-21
Nova Scotia,Q32023,Public Sector,1.0,1000.0,36.0,3.0,2.7,2025-10-21
New Brunswick,Q32023,All Sectors,1.0,8000.0,60.0,2.0,3.0,2025-10-21
New Brunswick,Q32023,Public Sector,1.0,8000.0,60.0,2.0,3.0,2025-10-21
Quebec,Q32023,All Sectors,3.0,2965.0,47.9,4.7,4.3,2025-10-21
Quebec,Q32023,Private Sector,1.0,515.0,60.0,6.5,3.9,2025-10-21
Quebec,Q32023,Public Sector,2.0,2450.0,45.3,4.3,4.4,2025-10-21
Ontario,Q32023,All Sectors,11.0,88992.0,27.7,7.6,5.1,2025-10-21
Ontario,Q32023,Private Sector,2.0,6975.0,36.1,9.2,5.0,2025-10-21
Ontario,Q32023,Public Sector,9.0,82017.0,26.9,7.4,5.1,2025-10-21
Manitoba,Q32023,All Sectors,3.0,9800.0,62.2,1.7,2.3,2025-10-21
Manitoba,Q32023,Public Sector,3.0,9800.0,62.2,1.7,2.3,2025-10-21
Saskatchewan,Q32023,All Sectors,1.0,1400.0,48.0,0.0,1.9,2025-10-21
Saskatchewan,Q32023,Public Sector,1.0,1400.0,48.0,0.0,1.9,2025-10-21
Alberta,Q32023,All Sectors,7.0,8564.0,40.1,4.6,2.3,2025-10-21
Alberta,Q32023,Private Sector,3.0,2134.0,43.4,9.5,2.3,2025-10-21
Alberta,Q32023,Public Sector,4.0,6430.0,39.0,3.0,2.3,2025-10-21
British Columbia,Q32023,All Sectors,5.0,5700.0,36.2,4.7,4.2,2025-10-21
British Columbia,Q32023,Public Sector,5.0,5700.0,36.2,4.7,4.2,2025-10-21
All jurisdictions,Q42023,All Sectors,32.0,180530.0,48.9,4.0,3.0,2025-10-21
All jurisdictions,Q42023,Private Sector,10.0,35496.0,54.2,7.4,3.7,2025-10-21
All jurisdictions,Q42023,Public Sector,22.0,145034.0,47.6,3.1,2.9,2025-10-21
Federal jurisdiction,Q42023,All Sectors,4.0,26541.0,50.5,3.8,3.3,2025-10-21
Federal jurisdiction,Q42023,Private Sector,1.0,681.0,60.0,5.0,4.0,2025-10-21
Federal jurisdiction,Q42023,Public Sector,3.0,25860.0,50.2,3.8,3.2,2025-10-21
Newfoundland and Labrador,Q42023,All Sectors,1.0,6500.0,48.0,2.0,2.5,2025-10-21
Newfoundland and Labrador,Q42023,Public Sector,1.0,6500.0,48.0,2.0,2.5,2025-10-21
Quebec,Q42023,All Sectors,2.0,2225.0,66.6,10.0,3.4,2025-10-21
Quebec,Q42023,Public Sector,2.0,2225.0,66.6,10.0,3.4,2025-10-21
Ontario,Q42023,All Sectors,13.0,120978.0,45.9,4.4,3.3,2025-10-21
Ontario,Q42023,Private Sector,6.0,23779.0,44.4,9.4,4.7,2025-10-21
Ontario,Q42023,Public Sector,7.0,97199.0,46.3,3.1,3.0,2025-10-21
Manitoba,Q42023,All Sectors,3.0,11096.0,74.7,3.0,1.9,2025-10-21
Manitoba,Q42023,Private Sector,2.0,9696.0,78.6,3.4,1.8,2025-10-21
Manitoba,Q42023,Public Sector,1.0,1400.0,48.1,0.0,3.0,2025-10-21
Saskatchewan,Q42023,All Sectors,1.0,1040.0,36.0,5.1,3.5,2025-10-21
Saskatchewan,Q42023,Public Sector,1.0,1040.0,36.0,5.1,3.5,2025-10-21
Alberta,Q42023,All Sectors,7.0,11450.0,50.9,0.5,1.2,2025-10-21
Alberta,Q42023,Private Sector,1.0,1340.0,48.0,0.0,0.8,2025-10-21
Alberta,Q42023,Public Sector,6.0,10110.0,51.3,0.6,1.2,2025-10-21
British Columbia,Q42023,All Sectors,1.0,700.0,36.0,5.0,4.3,2025-10-21
British Columbia,Q42023,Public Sector,1.0,700.0,36.0,5.0,4.3,2025-10-21
All jurisdictions,Q12024,All Sectors,33.0,188927.0,45.9,3.0,2.6,2025-10-21
All jurisdictions,Q12024,Private Sector,8.0,21291.0,42.5,2.6,2.4,2025-10-21
All jurisdictions,Q12024,Public Sector,25.0,167636.0,46.3,3.1,2.6,2025-10-21
Federal jurisdiction,Q12024,All Sectors,6.0,14181.0,44.7,4.6,2.7,2025-10-21
Federal jurisdiction,Q12024,Private Sector,3.0,3500.0,50.4,4.9,3.3,2025-10-21
Federal jurisdiction,Q12024,Public Sector,3.0,10681.0,42.8,4.5,2.6,2025-10-21
Newfoundland and Labrador,Q12024,All Sectors,1.0,750.0,48.0,2.0,2.0,2025-10-21
Newfoundland and Labrador,Q12024,Public Sector,1.0,750.0,48.0,2.0,2.0,2025-10-21
Quebec,Q12024,All Sectors,1.0,2017.0,36.0,4.8,3.7,2025-10-21
Quebec,Q12024,Public Sector,1.0,2017.0,36.0,4.8,3.7,2025-10-21
Ontario,Q12024,All Sectors,10.0,109113.0,45.7,3.8,3.0,2025-10-21
Ontario,Q12024,Private Sector,2.0,3522.0,28.5,4.8,3.6,2025-10-21
Ontario,Q12024,Public Sector,8.0,105591.0,46.2,3.7,3.0,2025-10-21
Manitoba,Q12024,All Sectors,2.0,22500.0,47.8,2.5,2.8,2025-10-21
Manitoba,Q12024,Public Sector,2.0,22500.0,47.8,2.5,2.8,2025-10-21
Saskatchewan,Q12024,All Sectors,1.0,520.0,36.0,3.0,2.7,2025-10-21
Saskatchewan,Q12024,Public Sector,1.0,520.0,36.0,3.0,2.7,2025-10-21
Alberta,Q12024,All Sectors,11.0,39342.0,46.6,0.6,1.2,2025-10-21
Alberta,Q12024,Private Sector,3.0,14269.0,44.0,1.5,1.8,2025-10-21
Alberta,Q12024,Public Sector,8.0,25073.0,48.0,0.0,0.9,2025-10-21
British Columbia,Q12024,All Sectors,1.0,504.0,36.0,3.2,4.0,2025-10-21
British Columbia,Q12024,Public Sector,1.0,504.0,36.0,3.2,4.0,2025-10-21
All jurisdictions,Q22024,All Sectors,56.0,653329.0,53.5,5.3,3.5,2025-10-21
All jurisdictions,Q22024,Private Sector,9.0,17020.0,28.5,4.9,4.2,2025-10-21
All jurisdictions,Q22024,Public Sector,47.0,636309.0,54.2,5.3,3.5,2025-10-21
Federal jurisdiction,Q22024,All Sectors,6.0,32460.0,23.5,4.1,4.1,2025-10-21
Federal jurisdiction,Q22024,Private Sector,5.0,13460.0,22.7,4.2,4.2,2025-10-21
Federal jurisdiction,Q22024,Public Sector,1.0,19000.0,24.0,4.0,4.0,2025-10-21
Newfoundland and Labrador,Q22024,All Sectors,1.0,500.0,36.0,5.1,3.6,2025-10-21
Newfoundland and Labrador,Q22024,Private Sector,1.0,500.0,36.0,5.1,3.6,2025-10-21
Nova Scotia,Q22024,All Sectors,2.0,9842.0,38.3,2.5,2.6,2025-10-21
Nova Scotia,Q22024,Public Sector,2.0,9842.0,38.3,2.5,2.6,2025-10-21
New Brunswick,Q22024,All Sectors,1.0,730.0,44.0,2.0,1.7,2025-10-21
New Brunswick,Q22024,Public Sector,1.0,730.0,44.0,2.0,1.7,2025-10-21
Quebec,Q22024,All Sectors,27.0,488367.0,60.0,6.0,3.6,2025-10-21
Quebec,Q22024,Private Sector,1.0,1300.0,60.0,8.0,4.6,2025-10-21
Quebec,Q22024,Public Sector,26.0,487067.0,60.0,6.0,3.6,2025-10-21
Ontario,Q22024,All Sectors,11.0,92820.0,33.9,3.5,3.2,2025-10-21
Ontario,Q22024,Private Sector,1.0,740.0,48.0,10.8,4.1,2025-10-21
Ontario,Q22024,Public Sector,10.0,92080.0,33.8,3.5,3.2,2025-10-21
Manitoba,Q22024,All Sectors,2.0,16000.0,48.0,2.5,2.8,2025-10-21
Manitoba,Q22024,Public Sector,2.0,16000.0,48.0,2.5,2.8,2025-10-21
Saskatchewan,Q22024,All Sectors,1.0,1690.0,36.0,3.0,2.7,2025-10-21
Saskatchewan,Q22024,Public Sector,1.0,1690.0,36.0,3.0,2.7,2025-10-21
Alberta,Q22024,All Sectors,4.0,9900.0,42.9,1.3,2.2,2025-10-21
Alberta,Q22024,Public Sector,4.0,9900.0,42.9,1.3,2.2,2025-10-21
Multi-provinces,Q22024,All Sectors,1.0,1020.0,48.0,5.0,3.1,2025-10-21
Multi-provinces,Q22024,Private Sector,1.0,1020.0,48.0,5.0,3.1,2025-10-21
All jurisdictions,Q32024,All Sectors,27.0,95429.0,42.8,4.1,3.3,2025-10-21
All jurisdictions,Q32024,Private Sector,8.0,13506.0,33.5,7.7,4.5,2025-10-21
All jurisdictions,Q32024,Public Sector,19.0,81923.0,44.3,3.5,3.1,2025-10-21
Federal jurisdiction,Q32024,All Sectors,4.0,10857.0,47.9,5.6,3.8,2025-10-21
Federal jurisdiction,Q32024,Private Sector,2.0,1205.0,54.0,12.7,4.8,2025-10-21
Federal jurisdiction,Q32024,Public Sector,2.0,9652.0,47.2,4.7,3.7,2025-10-21
Quebec,Q32024,All Sectors,2.0,7700.0,68.9,5.5,3.8,2025-10-21
Quebec,Q32024,Public Sector,2.0,7700.0,68.9,5.5,3.8,2025-10-21
Ontario,Q32024,All Sectors,14.0,43363.0,36.4,4.4,3.5,2025-10-21
Ontario,Q32024,Private Sector,4.0,9311.0,30.0,7.3,5.1,2025-10-21
Ontario,Q32024,Public Sector,10.0,34052.0,38.1,3.6,3.1,2025-10-21
Manitoba,Q32024,All Sectors,2.0,19400.0,48.0,2.5,3.0,2025-10-21
Manitoba,Q32024,Public Sector,2.0,19400.0,48.0,2.5,3.0,2025-10-21
Saskatchewan,Q32024,All Sectors,2.0,10530.0,37.3,2.9,2.6,2025-10-21
Saskatchewan,Q32024,Public Sector,2.0,10530.0,37.3,2.9,2.6,2025-10-21
Alberta,Q32024,All Sectors,2.0,1339.0,36.0,2.8,2.5,2025-10-21
Alberta,Q32024,Private Sector,1.0,750.0,36.0,5.0,3.7,2025-10-21
Alberta,Q32024,Public Sector,1.0,589.0,36.0,0.0,0.9,2025-10-21
Multi-provinces,Q32024,All Sectors,1.0,2240.0,36.0,7.7,2.5,2025-10-21
Multi-provinces,Q32024,Private Sector,1.0,2240.0,36.0,7.7,2.5,2025-10-21
All jurisdictions,Q42024,All Sectors,29.0,177872.0,50.3,4.8,3.7,2025-10-21
All jurisdictions,Q42024,Private Sector,9.0,21097.0,53.3,3.0,3.5,2025-10-21
All jurisdictions,Q42024,Public Sector,20.0,156775.0,49.9,5.0,3.7,2025-10-21
Federal jurisdiction,Q42024,All Sectors,7.0,11704.0,46.8,4.7,3.2,2025-10-21
Federal jurisdiction,Q42024,Private Sector,3.0,3194.0,43.5,4.4,3.2,2025-10-21
Federal jurisdiction,Q42024,Public Sector,4.0,8510.0,48.0,4.8,3.2,2025-10-21
Nova Scotia,Q42024,All Sectors,2.0,16870.0,24.0,5.1,4.1,2025-10-21
Nova Scotia,Q42024,Public Sector,2.0,16870.0,24.0,5.1,4.1,2025-10-21
Quebec,Q42024,All Sectors,4.0,89929.0,60.6,5.6,3.6,2025-10-21
Quebec,Q42024,Private Sector,3.0,8256.0,66.7,2.0,4.0,2025-10-21
Quebec,Q42024,Public Sector,1.0,81673.0,60.0,6.0,3.6,2025-10-21
Ontario,Q42024,All Sectors,6.0,18287.0,35.9,3.9,3.5,2025-10-21
Ontario,Q42024,Public Sector,6.0,18287.0,35.9,3.9,3.5,2025-10-21
Manitoba,Q42024,All Sectors,2.0,25696.0,48.0,2.8,4.2,2025-10-21
Manitoba,Q42024,Private Sector,1.0,6696.0,48.0,3.5,3.1,2025-10-21
Manitoba,Q42024,Public Sector,1.0,19000.0,48.0,2.5,4.6,2025-10-21
Alberta,Q42024,All Sectors,6.0,7586.0,46.9,2.6,3.0,2025-10-21
Alberta,Q42024,Private Sector,1.0,1151.0,24.0,4.0,3.7,2025-10-21
Alberta,Q42024,Public Sector,5.0,6435.0,50.9,2.3,2.8,2025-10-21
All territories,Q42024,All Sectors,1.0,6000.0,36.0,6.0,3.5,2025-10-21
All territories,Q42024,Public Sector,1.0,6000.0,36.0,6.0,3.5,2025-10-21
Multi-provinces,Q42024,All Sectors,1.0,1800.0,48.0,3.0,3.0,2025-10-21
Multi-provinces,Q42024,Private Sector,1.0,1800.0,48.0,3.0,3.0,2025-10-21
All jurisdictions,Q12025,All Sectors,21.0,50994.0,49.7,4.2,3.4,2025-10-21
All jurisdictions,Q12025,Private Sector,8.0,10377.0,53.5,4.0,3.4,2025-10-21
All jurisdictions,Q12025,Public Sector,13.0,40617.0,48.7,4.2,3.4,2025-10-21
Federal jurisdiction,Q12025,All Sectors,6.0,13263.0,46.3,4.9,3.8,2025-10-21
Federal jurisdiction,Q12025,Private Sector,5.0,5593.0,44.0,5.2,3.9,2025-10-21
Federal jurisdiction,Q12025,Public Sector,1.0,7670.0,48.0,4.7,3.7,2025-10-21
Quebec,Q12025,All Sectors,2.0,5513.0,70.8,5.7,3.2,2025-10-21
Quebec,Q12025,Public Sector,2.0,5513.0,70.8,5.7,3.2,2025-10-21
Ontario,Q12025,All Sectors,4.0,11467.0,46.1,4.1,3.5,2025-10-21
Ontario,Q12025,Public Sector,4.0,11467.0,46.1,4.1,3.5,2025-10-21
Manitoba,Q12025,All Sectors,2.0,8300.0,48.0,2.9,3.1,2025-10-21
Manitoba,Q12025,Public Sector,2.0,8300.0,48.0,2.9,3.1,2025-10-21
Alberta,Q12025,All Sectors,6.0,10051.0,42.6,3.5,3.0,2025-10-21
Alberta,Q12025,Private Sector,2.0,2384.0,57.2,1.1,2.5,2025-10-21
Alberta,Q12025,Public Sector,4.0,7667.0,38.1,4.3,3.2,2025-10-21
British Columbia,Q12025,All Sectors,1.0,2400.0,72.0,4.0,3.2,2025-10-21
British Columbia,Q12025,Private Sector,1.0,2400.0,72.0,4.0,3.2,2025-10-21
All jurisdictions,Q22025,All Sectors,26.0,202589.0,46.9,5.8,4.4,2025-10-21
All jurisdictions,Q22025,Private Sector,12.0,128621.0,47.6,7.2,5.1,2025-10-21
All jurisdictions,Q22025,Public Sector,14.0,73968.0,45.6,3.3,3.1,2025-10-21
Federal jurisdiction,Q22025,All Sectors,1.0,733.0,48.0,5.0,4.5,2025-10-21
Federal jurisdiction,Q22025,Private Sector,1.0,733.0,48.0,5.0,4.5,2025-10-21
Nova Scotia,Q22025,All Sectors,1.0,1180.0,24.0,5.6,3.8,2025-10-21
Nova Scotia,Q22025,Public Sector,1.0,1180.0,24.0,5.6,3.8,2025-10-21
Quebec,Q22025,All Sectors,8.0,115948.0,49.1,7.6,5.3,2025-10-21
Quebec,Q22025,Private Sector,4.0,106088.0,48.1,8.0,5.5,2025-10-21
Quebec,Q22025,Public Sector,4.0,9860.0,60.0,3.3,3.0,2025-10-21
Ontario,Q22025,All Sectors,4.0,6021.0,32.8,6.1,6.3,2025-10-21
Ontario,Q22025,Private Sector,1.0,1606.0,24.0,10.8,10.2,2025-10-21
Ontario,Q22025,Public Sector,3.0,4415.0,36.0,4.3,4.9,2025-10-21
Saskatchewan,Q22025,All Sectors,1.0,12800.0,36.0,4.0,3.0,2025-10-21
Saskatchewan,Q22025,Public Sector,1.0,12800.0,36.0,4.0,3.0,2025-10-21
Alberta,Q22025,All Sectors,10.0,64357.0,47.0,3.0,2.9,2025-10-21
Alberta,Q22025,Private Sector,5.0,18644.0,47.9,2.9,2.5,2025-10-21
Alberta,Q22025,Public Sector,5.0,45713.0,46.6,3.0,3.0,2025-10-21
British Columbia,Q22025,All Sectors,1.0,1550.0,36.0,4.2,4.6,2025-10-21
British Columbia,Q22025,Private Sector,1.0,1550.0,36.0,4.2,4.6,2025-10-21
All jurisdictions,2016,All Sectors,292.0,1194600.0,48.5,0.9,1.4,2025-10-21
All jurisdictions,2016,Private Sector,128.0,247565.0,45.4,1.5,1.5,2025-10-21
All jurisdictions,2016,Public Sector,164.0,947035.0,49.2,0.7,1.3,2025-10-21
Federal jurisdiction,2016,All Sectors,25.0,120168.0,44.7,1.1,1.4,2025-10-21
Federal jurisdiction,2016,Private Sector,15.0,27168.0,78.4,0.8,1.5,2025-10-21
Federal jurisdiction,2016,Public Sector,10.0,93000.0,34.9,1.2,1.3,2025-10-21
Newfoundland and Labrador,2016,All Sectors,1.0,1400.0,42.9,1.7,1.6,2025-10-21
Newfoundland and Labrador,2016,Private Sector,1.0,1400.0,42.9,1.7,1.6,2025-10-21
Prince Edward Island,2016,All Sectors,3.0,3880.0,41.1,1.6,2.5,2025-10-21
Prince Edward Island,2016,Private Sector,1.0,550.0,72.0,2.5,2.1,2025-10-21
Prince Edward Island,2016,Public Sector,2.0,3330.0,36.0,1.5,2.6,2025-10-21
Nova Scotia,2016,All Sectors,1.0,690.0,36.0,2.0,1.7,2025-10-21
Nova Scotia,2016,Public Sector,1.0,690.0,36.0,2.0,1.7,2025-10-21
New Brunswick,2016,All Sectors,14.0,14830.0,53.1,1.5,1.7,2025-10-21
New Brunswick,2016,Private Sector,5.0,4600.0,36.0,1.9,2.0,2025-10-21
New Brunswick,2016,Public Sector,9.0,10230.0,60.8,1.4,1.5,2025-10-21
Quebec,2016,All Sectors,55.0,473162.0,60.4,0.1,1.1,2025-10-21
Quebec,2016,Private Sector,11.0,10297.0,62.4,2.2,2.1,2025-10-21
Quebec,2016,Public Sector,44.0,462865.0,60.3,0.1,1.1,2025-10-21
Ontario,2016,All Sectors,105.0,360580.0,36.2,1.6,1.6,2025-10-21
Ontario,2016,Private Sector,66.0,161770.0,41.6,1.8,1.6,2025-10-21
Ontario,2016,Public Sector,39.0,198810.0,31.8,1.5,1.6,2025-10-21
Manitoba,2016,All Sectors,22.0,45850.0,53.5,1.6,1.7,2025-10-21
Manitoba,2016,Private Sector,3.0,2700.0,48.0,3.2,3.1,2025-10-21
Manitoba,2016,Public Sector,19.0,43150.0,53.8,1.5,1.6,2025-10-21
Saskatchewan,2016,All Sectors,4.0,13030.0,46.5,0.3,1.0,2025-10-21
Saskatchewan,2016,Private Sector,1.0,940.0,36.0,2.7,2.7,2025-10-21
Saskatchewan,2016,Public Sector,3.0,12090.0,47.3,0.1,0.8,2025-10-21
Alberta,2016,All Sectors,34.0,80400.0,32.5,1.3,1.1,2025-10-21
Alberta,2016,Private Sector,15.0,27190.0,31.5,0.3,0.4,2025-10-21
Alberta,2016,Public Sector,19.0,53210.0,33.0,1.8,1.4,2025-10-21
British Columbia,2016,All Sectors,25.0,71560.0,53.2,0.6,1.5,2025-10-21
British Columbia,2016,Private Sector,9.0,8950.0,43.0,0.9,1.3,2025-10-21
British Columbia,2016,Public Sector,16.0,62610.0,54.7,0.5,1.6,2025-10-21
All territories,2016,All Sectors,2.0,7050.0,41.6,2.0,1.6,2025-10-21
All territories,2016,Public Sector,2.0,7050.0,41.6,2.0,1.6,2025-10-21
Multi-provinces,2016,All Sectors,1.0,2000.0,36.0,2.2,2.2,2025-10-21
Multi-provinces,2016,Private Sector,1.0,2000.0,36.0,2.2,2.2,2025-10-21
All jurisdictions,2017,All Sectors,224.0,868612.0,39.8,1.7,1.7,2025-10-21
All jurisdictions,2017,Private Sector,75.0,193038.0,44.9,2.6,2.0,2025-10-21
All jurisdictions,2017,Public Sector,149.0,675574.0,38.3,1.4,1.7,2025-10-21
Federal jurisdiction,2017,All Sectors,46.0,209018.0,47.4,1.4,1.6,2025-10-21
Federal jurisdiction,2017,Private Sector,23.0,40926.0,46.3,1.8,2.1,2025-10-21
Federal jurisdiction,2017,Public Sector,23.0,168092.0,47.7,1.3,1.4,2025-10-21
Nova Scotia,2017,All Sectors,2.0,16800.0,58.7,0.0,0.9,2025-10-21
Nova Scotia,2017,Public Sector,2.0,16800.0,58.7,0.0,0.9,2025-10-21
New Brunswick,2017,All Sectors,4.0,18570.0,53.7,1.0,1.0,2025-10-21
New Brunswick,2017,Private Sector,1.0,500.0,48.0,0.0,1.2,2025-10-21
New Brunswick,2017,Public Sector,3.0,18070.0,53.9,1.0,1.0,2025-10-21
Quebec,2017,All Sectors,21.0,100687.0,54.9,3.4,2.1,2025-10-21
Quebec,2017,Private Sector,7.0,77903.0,51.1,4.0,2.2,2025-10-21
Quebec,2017,Public Sector,14.0,22784.0,68.0,1.6,1.7,2025-10-21
Ontario,2017,All Sectors,78.0,396728.0,31.9,1.8,2.0,2025-10-21
Ontario,2017,Private Sector,16.0,26668.0,36.7,3.2,2.2,2025-10-21
Ontario,2017,Public Sector,62.0,370060.0,31.5,1.6,2.0,2025-10-21
Manitoba,2017,All Sectors,5.0,11178.0,61.6,0.3,1.9,2025-10-21
Manitoba,2017,Public Sector,5.0,11178.0,61.6,0.3,1.9,2025-10-21
Saskatchewan,2017,All Sectors,6.0,5810.0,41.8,1.3,1.6,2025-10-21
Saskatchewan,2017,Private Sector,3.0,2330.0,43.8,0.6,1.7,2025-10-21
Saskatchewan,2017,Public Sector,3.0,3480.0,40.5,1.9,1.6,2025-10-21
Alberta,2017,All Sectors,36.0,70230.0,26.0,0.9,0.8,2025-10-21
Alberta,2017,Private Sector,10.0,16850.0,31.3,-0.1,0.4,2025-10-21
Alberta,2017,Public Sector,26.0,53380.0,24.4,1.2,0.9,2025-10-21
British Columbia,2017,All Sectors,26.0,39591.0,42.8,1.3,1.8,2025-10-21
British Columbia,2017,Private Sector,15.0,27861.0,41.8,1.0,1.8,2025-10-21
British Columbia,2017,Public Sector,11.0,11730.0,45.2,1.8,1.9,2025-10-21
All jurisdictions,2018,All Sectors,226.0,761192.0,42.7,1.4,1.4,2025-10-21
All jurisdictions,2018,Private Sector,82.0,220436.0,47.4,2.3,1.9,2025-10-21
All jurisdictions,2018,Public Sector,144.0,540756.0,40.7,1.0,1.2,2025-10-21
Federal jurisdiction,2018,All Sectors,30.0,78120.0,47.9,1.8,2.0,2025-10-21
Federal jurisdiction,2018,Private Sector,16.0,29740.0,46.5,2.4,2.3,2025-10-21
Federal jurisdiction,2018,Public Sector,14.0,48380.0,48.7,1.4,1.7,2025-10-21
Newfoundland and Labrador,2018,All Sectors,10.0,19903.0,49.3,1.1,0.4,2025-10-21
Newfoundland and Labrador,2018,Private Sector,2.0,2043.0,53.5,10.6,3.7,2025-10-21
Newfoundland and Labrador,2018,Public Sector,8.0,17860.0,48.9,0.0,0.0,2025-10-21
Prince Edward Island,2018,All Sectors,1.0,1400.0,36.0,2.0,1.5,2025-10-21
Prince Edward Island,2018,Public Sector,1.0,1400.0,36.0,2.0,1.5,2025-10-21
Nova Scotia,2018,All Sectors,21.0,41120.0,62.7,0.2,1.1,2025-10-21
Nova Scotia,2018,Private Sector,8.0,9310.0,39.9,0.8,0.8,2025-10-21
Nova Scotia,2018,Public Sector,13.0,31810.0,69.4,0.1,1.2,2025-10-21
New Brunswick,2018,All Sectors,1.0,550.0,48.0,2.5,2.5,2025-10-21
New Brunswick,2018,Private Sector,1.0,550.0,48.0,2.5,2.5,2025-10-21
Quebec,2018,All Sectors,35.0,156818.0,53.9,1.8,1.7,2025-10-21
Quebec,2018,Private Sector,12.0,101573.0,52.6,2.2,1.7,2025-10-21
Quebec,2018,Public Sector,23.0,55245.0,56.2,1.1,1.7,2025-10-21
Ontario,2018,All Sectors,61.0,198705.0,35.5,1.8,1.7,2025-10-21
Ontario,2018,Private Sector,19.0,41600.0,39.1,2.5,2.0,2025-10-21
Ontario,2018,Public Sector,42.0,157105.0,34.5,1.6,1.7,2025-10-21
Manitoba,2018,All Sectors,8.0,10180.0,53.3,1.9,1.6,2025-10-21
Manitoba,2018,Private Sector,6.0,8400.0,54.4,2.2,1.8,2025-10-21
Manitoba,2018,Public Sector,2.0,1780.0,48.0,0.1,0.5,2025-10-21
Saskatchewan,2018,All Sectors,6.0,17440.0,31.0,0.1,0.6,2025-10-21
Saskatchewan,2018,Private Sector,1.0,1250.0,96.1,0.0,1.1,2025-10-21
Saskatchewan,2018,Public Sector,5.0,16190.0,25.9,0.1,0.6,2025-10-21
Alberta,2018,All Sectors,34.0,157426.0,35.5,0.3,0.3,2025-10-21
Alberta,2018,Private Sector,6.0,6350.0,39.8,1.1,1.2,2025-10-21
Alberta,2018,Public Sector,28.0,151076.0,35.3,0.2,0.2,2025-10-21
British Columbia,2018,All Sectors,16.0,75880.0,36.6,2.0,2.1,2025-10-21
British Columbia,2018,Private Sector,9.0,16680.0,38.2,2.2,2.3,2025-10-21
British Columbia,2018,Public Sector,7.0,59200.0,36.1,2.0,2.0,2025-10-21
All territories,2018,All Sectors,1.0,710.0,48.0,1.0,1.5,2025-10-21
All territories,2018,Public Sector,1.0,710.0,48.0,1.0,1.5,2025-10-21
Multi-provinces,2018,All Sectors,2.0,2940.0,38.8,1.5,1.0,2025-10-21
Multi-provinces,2018,Private Sector,2.0,2940.0,38.8,1.5,1.0,2025-10-21
All jurisdictions,2019,All Sectors,269.0,684720.0,43.1,1.8,1.8,2025-10-21
All jurisdictions,2019,Private Sector,97.0,187467.0,43.2,2.0,2.1,2025-10-21
All jurisdictions,2019,Public Sector,172.0,497253.0,43.0,1.7,1.7,2025-10-21
Federal jurisdiction,2019,All Sectors,40.0,102942.0,49.6,2.5,2.1,2025-10-21
Federal jurisdiction,2019,Private Sector,16.0,25832.0,51.2,2.3,2.5,2025-10-21
Federal jurisdiction,2019,Public Sector,24.0,77110.0,49.1,2.5,1.9,2025-10-21
Newfoundland and Labrador,2019,All Sectors,4.0,8580.0,48.0,0.0,0.2,2025-10-21
Newfoundland and Labrador,2019,Public Sector,4.0,8580.0,48.0,0.0,0.2,2025-10-21
Prince Edward Island,2019,All Sectors,5.0,8120.0,41.6,2.0,1.9,2025-10-21
Prince Edward Island,2019,Public Sector,5.0,8120.0,41.6,2.0,1.9,2025-10-21
Nova Scotia,2019,All Sectors,4.0,4060.0,59.0,0.7,1.4,2025-10-21
Nova Scotia,2019,Private Sector,1.0,930.0,48.0,1.7,1.9,2025-10-21
Nova Scotia,2019,Public Sector,3.0,3130.0,62.2,0.4,1.2,2025-10-21
New Brunswick,2019,All Sectors,4.0,3050.0,36.0,1.9,2.1,2025-10-21
New Brunswick,2019,Private Sector,4.0,3050.0,36.0,1.9,2.1,2025-10-21
Quebec,2019,All Sectors,24.0,35676.0,68.2,2.2,2.0,2025-10-21
Quebec,2019,Private Sector,8.0,6545.0,69.2,2.0,2.4,2025-10-21
Quebec,2019,Public Sector,16.0,29131.0,67.9,2.2,1.9,2025-10-21
Ontario,2019,All Sectors,80.0,233290.0,39.4,2.2,2.2,2025-10-21
Ontario,2019,Private Sector,42.0,110980.0,38.9,2.0,2.2,2025-10-21
Ontario,2019,Public Sector,38.0,122310.0,40.0,2.3,2.3,2025-10-21
Manitoba,2019,All Sectors,2.0,2683.0,47.8,0.0,1.1,2025-10-21
Manitoba,2019,Public Sector,2.0,2683.0,47.8,0.0,1.1,2025-10-21
Saskatchewan,2019,All Sectors,14.0,37665.0,62.0,0.2,1.1,2025-10-21
Saskatchewan,2019,Private Sector,3.0,3840.0,60.3,1.0,1.4,2025-10-21
Saskatchewan,2019,Public Sector,11.0,33825.0,62.2,0.1,1.1,2025-10-21
Alberta,2019,All Sectors,47.0,75220.0,33.1,0.2,0.4,2025-10-21
Alberta,2019,Private Sector,12.0,12290.0,36.3,1.5,1.5,2025-10-21
Alberta,2019,Public Sector,35.0,62930.0,32.4,-0.1,0.2,2025-10-21
British Columbia,2019,All Sectors,39.0,160184.0,38.1,2.0,2.0,2025-10-21
British Columbia,2019,Private Sector,8.0,19400.0,51.5,1.6,1.8,2025-10-21
British Columbia,2019,Public Sector,31.0,140784.0,36.2,2.0,2.0,2025-10-21
All territories,2019,All Sectors,3.0,8650.0,47.1,1.0,1.6,2025-10-21
All territories,2019,Public Sector,3.0,8650.0,47.1,1.0,1.6,2025-10-21
Multi-provinces,2019,All Sectors,3.0,4600.0,40.0,2.4,2.2,2025-10-21
Multi-provinces,2019,Private Sector,3.0,4600.0,40.0,2.4,2.2,2025-10-21
All jurisdictions,2020,All Sectors,182.0,809923.0,41.4,1.8,1.9,2025-10-21
All jurisdictions,2020,Private Sector,60.0,139261.0,47.0,2.0,1.7,2025-10-21
All jurisdictions,2020,Public Sector,122.0,670662.0,40.2,1.8,2.0,2025-10-21
Federal jurisdiction,2020,All Sectors,30.0,261483.0,44.3,2.4,2.2,2025-10-21
Federal jurisdiction,2020,Private Sector,17.0,39603.0,52.2,2.3,2.2,2025-10-21
Federal jurisdiction,2020,Public Sector,13.0,221880.0,42.8,2.4,2.2,2025-10-21
Newfoundland and Labrador,2020,All Sectors,3.0,8000.0,28.2,1.9,2.0,2025-10-21
Newfoundland and Labrador,2020,Private Sector,1.0,1400.0,48.0,1.6,1.8,2025-10-21
Newfoundland and Labrador,2020,Public Sector,2.0,6600.0,24.0,2.0,2.0,2025-10-21
Nova Scotia,2020,All Sectors,1.0,9300.0,48.0,2.0,1.7,2025-10-21
Nova Scotia,2020,Public Sector,1.0,9300.0,48.0,2.0,1.7,2025-10-21
Quebec,2020,All Sectors,16.0,19929.0,64.6,3.5,2.3,2025-10-21
Quebec,2020,Private Sector,6.0,5962.0,38.8,7.2,3.2,2025-10-21
Quebec,2020,Public Sector,10.0,13967.0,75.6,1.9,1.9,2025-10-21
Ontario,2020,All Sectors,42.0,312434.0,37.9,1.7,2.0,2025-10-21
Ontario,2020,Private Sector,13.0,48040.0,38.0,2.2,1.9,2025-10-21
Ontario,2020,Public Sector,29.0,264394.0,37.9,1.6,2.1,2025-10-21
Manitoba,2020,All Sectors,5.0,6100.0,50.2,1.2,1.4,2025-10-21
Manitoba,2020,Private Sector,2.0,3100.0,60.0,2.0,2.0,2025-10-21
Manitoba,2020,Public Sector,3.0,3000.0,40.2,0.4,0.8,2025-10-21
Saskatchewan,2020,All Sectors,13.0,29250.0,55.5,0.3,1.4,2025-10-21
Saskatchewan,2020,Private Sector,2.0,1480.0,62.1,1.6,1.4,2025-10-21
Saskatchewan,2020,Public Sector,11.0,27770.0,55.2,0.2,1.4,2025-10-21
Alberta,2020,All Sectors,27.0,57480.0,37.5,0.0,0.1,2025-10-21
Alberta,2020,Private Sector,9.0,24336.0,54.4,0.0,0.2,2025-10-21
Alberta,2020,Public Sector,18.0,33144.0,25.1,0.0,0.1,2025-10-21
British Columbia,2020,All Sectors,45.0,105947.0,38.3,2.0,2.0,2025-10-21
British Columbia,2020,Private Sector,10.0,15340.0,48.5,1.8,1.9,2025-10-21
British Columbia,2020,Public Sector,35.0,90607.0,36.6,2.0,2.0,2025-10-21
All jurisdictions,2021,All Sectors,179.0,1030411.0,42.8,1.8,1.9,2025-10-21
All jurisdictions,2021,Private Sector,63.0,225105.0,48.6,2.0,2.0,2025-10-21
All jurisdictions,2021,Public Sector,116.0,805306.0,41.2,1.8,1.9,2025-10-21
Federal jurisdiction,2021,All Sectors,26.0,119215.0,49.1,1.9,2.4,2025-10-21
Federal jurisdiction,2021,Private Sector,16.0,20868.0,49.7,1.9,1.9,2025-10-21
Federal jurisdiction,2021,Public Sector,10.0,98347.0,48.9,1.9,2.5,2025-10-21
Newfoundland and Labrador,2021,All Sectors,5.0,12450.0,49.5,1.0,1.3,2025-10-21
Newfoundland and Labrador,2021,Private Sector,1.0,500.0,36.0,2.4,2.2,2025-10-21
Newfoundland and Labrador,2021,Public Sector,4.0,11950.0,50.1,0.9,1.3,2025-10-21
Prince Edward Island,2021,All Sectors,1.0,1000.0,36.0,3.3,1.9,2025-10-21
Prince Edward Island,2021,Public Sector,1.0,1000.0,36.0,3.3,1.9,2025-10-21
Nova Scotia,2021,All Sectors,5.0,21200.0,36.8,1.4,1.8,2025-10-21
Nova Scotia,2021,Private Sector,1.0,1200.0,60.0,0.8,1.4,2025-10-21
Nova Scotia,2021,Public Sector,4.0,20000.0,35.4,1.5,1.8,2025-10-21
New Brunswick,2021,All Sectors,5.0,7763.0,66.5,1.8,2.1,2025-10-21
New Brunswick,2021,Private Sector,1.0,500.0,60.0,1.8,3.5,2025-10-21
New Brunswick,2021,Public Sector,4.0,7263.0,66.9,1.8,2.0,2025-10-21
Quebec,2021,All Sectors,56.0,678706.0,40.5,2.0,2.0,2025-10-21
Quebec,2021,Private Sector,14.0,154909.0,48.5,2.1,2.1,2025-10-21
Quebec,2021,Public Sector,42.0,523797.0,38.1,2.0,2.0,2025-10-21
Ontario,2021,All Sectors,32.0,66600.0,36.4,1.2,1.6,2025-10-21
Ontario,2021,Private Sector,10.0,17606.0,34.8,1.5,1.7,2025-10-21
Ontario,2021,Public Sector,22.0,48994.0,37.0,1.1,1.6,2025-10-21
Manitoba,2021,All Sectors,10.0,24265.0,63.2,1.3,1.3,2025-10-21
Manitoba,2021,Private Sector,2.0,2100.0,56.6,1.7,2.1,2025-10-21
Manitoba,2021,Public Sector,8.0,22165.0,63.8,1.3,1.2,2025-10-21
Saskatchewan,2021,All Sectors,5.0,25140.0,63.3,0.1,1.1,2025-10-21
Saskatchewan,2021,Private Sector,1.0,630.0,48.1,1.3,1.4,2025-10-21
Saskatchewan,2021,Public Sector,4.0,24510.0,63.7,0.1,1.1,2025-10-21
Alberta,2021,All Sectors,17.0,49084.0,50.3,1.4,1.1,2025-10-21
Alberta,2021,Private Sector,12.0,22002.0,58.5,1.8,1.3,2025-10-21
Alberta,2021,Public Sector,5.0,27082.0,43.7,1.1,1.0,2025-10-21
British Columbia,2021,All Sectors,16.0,19726.0,34.5,2.0,2.3,2025-10-21
British Columbia,2021,Private Sector,5.0,4790.0,46.5,1.2,2.7,2025-10-21
British Columbia,2021,Public Sector,11.0,14936.0,30.6,2.2,2.1,2025-10-21
All territories,2021,All Sectors,1.0,5262.0,24.0,1.5,1.5,2025-10-21
All territories,2021,Public Sector,1.0,5262.0,24.0,1.5,1.5,2025-10-21
All jurisdictions,2022,All Sectors,147.0,706936.0,42.5,2.8,2.7,2025-10-21
All jurisdictions,2022,Private Sector,42.0,139126.0,45.1,4.2,3.6,2025-10-21
All jurisdictions,2022,Public Sector,105.0,567810.0,41.9,2.5,2.5,2025-10-21
Federal jurisdiction,2022,All Sectors,24.0,45513.0,48.7,3.4,3.0,2025-10-21
Federal jurisdiction,2022,Private Sector,17.0,34788.0,50.2,3.5,3.0,2025-10-21
Federal jurisdiction,2022,Public Sector,7.0,10725.0,43.7,3.4,2.8,2025-10-21
Newfoundland and Labrador,2022,All Sectors,2.0,2200.0,48.0,4.1,1.8,2025-10-21
Newfoundland and Labrador,2022,Public Sector,2.0,2200.0,48.0,4.1,1.8,2025-10-21
Nova Scotia,2022,All Sectors,5.0,13924.0,37.9,1.6,2.7,2025-10-21
Nova Scotia,2022,Public Sector,5.0,13924.0,37.9,1.6,2.7,2025-10-21
New Brunswick,2022,All Sectors,3.0,9470.0,58.9,1.7,2.2,2025-10-21
New Brunswick,2022,Public Sector,3.0,9470.0,58.9,1.7,2.2,2025-10-21
Quebec,2022,All Sectors,18.0,67394.0,50.3,2.4,2.4,2025-10-21
Quebec,2022,Private Sector,6.0,20932.0,55.0,3.1,2.7,2025-10-21
Quebec,2022,Public Sector,12.0,46462.0,48.1,2.1,2.2,2025-10-21
Ontario,2022,All Sectors,42.0,296656.0,37.0,3.7,3.4,2025-10-21
Ontario,2022,Private Sector,11.0,68226.0,38.5,4.0,4.0,2025-10-21
Ontario,2022,Public Sector,31.0,228430.0,36.6,3.7,3.2,2025-10-21
Manitoba,2022,All Sectors,8.0,37220.0,58.3,2.1,1.7,2025-10-21
Manitoba,2022,Public Sector,8.0,37220.0,58.3,2.1,1.7,2025-10-21
Saskatchewan,2022,All Sectors,2.0,2600.0,53.5,0.0,0.8,2025-10-21
Saskatchewan,2022,Private Sector,1.0,600.0,72.0,0.0,1.2,2025-10-21
Saskatchewan,2022,Public Sector,1.0,2000.0,48.0,0.0,0.7,2025-10-21
Alberta,2022,All Sectors,34.0,156768.0,47.0,1.0,1.2,2025-10-21
Alberta,2022,Private Sector,4.0,9329.0,52.7,11.6,4.5,2025-10-21
Alberta,2022,Public Sector,30.0,147439.0,46.6,0.3,1.0,2025-10-21
British Columbia,2022,All Sectors,7.0,70951.0,34.7,4.1,3.8,2025-10-21
British Columbia,2022,Private Sector,1.0,1011.0,60.0,2.0,2.0,2025-10-21
British Columbia,2022,Public Sector,6.0,69940.0,34.3,4.1,3.8,2025-10-21
Multi-provinces,2022,All Sectors,2.0,4240.0,36.0,3.3,3.0,2025-10-21
Multi-provinces,2022,Private Sector,2.0,4240.0,36.0,3.3,3.0,2025-10-21
All jurisdictions,2023,All Sectors,159.0,720010.0,42.9,3.7,3.4,2025-10-21
All jurisdictions,2023,Private Sector,52.0,121682.0,41.6,6.5,4.3,2025-10-21
All jurisdictions,2023,Public Sector,107.0,598328.0,43.2,3.1,3.2,2025-10-21
Federal jurisdiction,2023,All Sectors,36.0,263293.0,47.1,2.7,3.2,2025-10-21
Federal jurisdiction,2023,Private Sector,22.0,43433.0,41.3,5.1,4.1,2025-10-21
Federal jurisdiction,2023,Public Sector,14.0,219860.0,48.2,2.2,3.0,2025-10-21
Newfoundland and Labrador,2023,All Sectors,4.0,14380.0,49.1,1.8,3.1,2025-10-21
Newfoundland and Labrador,2023,Public Sector,4.0,14380.0,49.1,1.8,3.1,2025-10-21
Prince Edward Island,2023,All Sectors,1.0,2600.0,36.0,3.0,3.4,2025-10-21
Prince Edward Island,2023,Public Sector,1.0,2600.0,36.0,3.0,3.4,2025-10-21
Nova Scotia,2023,All Sectors,3.0,3180.0,39.0,2.0,2.2,2025-10-21
Nova Scotia,2023,Public Sector,3.0,3180.0,39.0,2.0,2.2,2025-10-21
New Brunswick,2023,All Sectors,1.0,8000.0,60.0,2.0,3.0,2025-10-21
New Brunswick,2023,Public Sector,1.0,8000.0,60.0,2.0,3.0,2025-10-21
Quebec,2023,All Sectors,10.0,16762.0,50.6,4.6,2.8,2025-10-21
Quebec,2023,Private Sector,2.0,2069.0,67.3,4.8,2.5,2025-10-21
Quebec,2023,Public Sector,8.0,14693.0,48.3,4.5,2.9,2025-10-21
Ontario,2023,All Sectors,40.0,292436.0,37.8,4.7,3.6,2025-10-21
Ontario,2023,Private Sector,12.0,33764.0,42.3,8.9,4.6,2025-10-21
Ontario,2023,Public Sector,28.0,258672.0,37.2,4.2,3.5,2025-10-21
Manitoba,2023,All Sectors,8.0,24796.0,68.7,2.2,2.0,2025-10-21
Manitoba,2023,Private Sector,3.0,10996.0,73.6,3.4,2.0,2025-10-21
Manitoba,2023,Public Sector,5.0,13800.0,64.8,1.2,2.1,2025-10-21
Saskatchewan,2023,All Sectors,3.0,3190.0,44.1,2.5,2.6,2025-10-21
Saskatchewan,2023,Private Sector,1.0,750.0,48.0,3.5,2.9,2025-10-21
Saskatchewan,2023,Public Sector,2.0,2440.0,42.9,2.2,2.6,2025-10-21
Alberta,2023,All Sectors,36.0,60794.0,37.3,4.0,3.3,2025-10-21
Alberta,2023,Private Sector,11.0,27670.0,28.1,7.5,5.4,2025-10-21
Alberta,2023,Public Sector,25.0,33124.0,45.0,1.1,1.5,2025-10-21
British Columbia,2023,All Sectors,15.0,23505.0,36.1,4.4,4.3,2025-10-21
British Columbia,2023,Public Sector,15.0,23505.0,36.1,4.4,4.3,2025-10-21
All territories,2023,All Sectors,1.0,4074.0,36.0,4.5,3.5,2025-10-21
All territories,2023,Public Sector,1.0,4074.0,36.0,4.5,3.5,2025-10-21
Multi-provinces,2023,All Sectors,1.0,3000.0,24.0,3.2,3.1,2025-10-21
Multi-provinces,2023,Private Sector,1.0,3000.0,24.0,3.2,3.1,2025-10-21
All jurisdictions,2024,All Sectors,145.0,1115557.0,50.8,4.7,3.4,2025-10-21
All jurisdictions,2024,Private Sector,34.0,72914.0,40.7,4.2,3.5,2025-10-21
All jurisdictions,2024,Public Sector,111.0,1042643.0,51.5,4.8,3.3,2025-10-21
Federal jurisdiction,2024,All Sectors,23.0,69202.0,35.6,4.5,3.6,2025-10-21
Federal jurisdiction,2024,Private Sector,13.0,21359.0,32.1,4.9,4.0,2025-10-21
Federal jurisdiction,2024,Public Sector,10.0,47843.0,37.1,4.4,3.5,2025-10-21
Newfoundland and Labrador,2024,All Sectors,2.0,1250.0,43.2,3.2,2.7,2025-10-21
Newfoundland and Labrador,2024,Private Sector,1.0,500.0,36.0,5.1,3.6,2025-10-21
Newfoundland and Labrador,2024,Public Sector,1.0,750.0,48.0,2.0,2.0,2025-10-21
Nova Scotia,2024,All Sectors,4.0,26712.0,29.3,4.2,3.5,2025-10-21
Nova Scotia,2024,Public Sector,4.0,26712.0,29.3,4.2,3.5,2025-10-21
New Brunswick,2024,All Sectors,1.0,730.0,44.0,2.0,1.7,2025-10-21
New Brunswick,2024,Public Sector,1.0,730.0,44.0,2.0,1.7,2025-10-21
Quebec,2024,All Sectors,34.0,588013.0,60.1,5.9,3.6,2025-10-21
Quebec,2024,Private Sector,4.0,9556.0,65.8,2.8,4.1,2025-10-21
Quebec,2024,Public Sector,30.0,578457.0,60.1,6.0,3.6,2025-10-21
Ontario,2024,All Sectors,41.0,263583.0,39.3,3.8,3.2,2025-10-21
Ontario,2024,Private Sector,7.0,13573.0,30.6,6.8,4.6,2025-10-21
Ontario,2024,Public Sector,34.0,250010.0,39.8,3.6,3.1,2025-10-21
Manitoba,2024,All Sectors,8.0,83596.0,48.0,2.6,3.3,2025-10-21
Manitoba,2024,Private Sector,1.0,6696.0,48.0,3.5,3.1,2025-10-21
Manitoba,2024,Public Sector,7.0,76900.0,48.0,2.5,3.3,2025-10-21
Saskatchewan,2024,All Sectors,4.0,12740.0,37.1,2.9,2.6,2025-10-21
Saskatchewan,2024,Public Sector,4.0,12740.0,37.1,2.9,2.6,2025-10-21
Alberta,2024,All Sectors,23.0,58167.0,45.7,1.0,1.7,2025-10-21
Alberta,2024,Private Sector,5.0,16170.0,42.2,1.9,2.0,2025-10-21
Alberta,2024,Public Sector,18.0,41997.0,47.1,0.7,1.5,2025-10-21
British Columbia,2024,All Sectors,1.0,504.0,36.0,3.2,4.0,2025-10-21
British Columbia,2024,Public Sector,1.0,504.0,36.0,3.2,4.0,2025-10-21
All territories,2024,All Sectors,1.0,6000.0,36.0,6.0,3.5,2025-10-21
All territories,2024,Public Sector,1.0,6000.0,36.0,6.0,3.5,2025-10-21
Multi-provinces,2024,All Sectors,3.0,5060.0,42.7,5.5,2.8,2025-10-21
Multi-provinces,2024,Private Sector,3.0,5060.0,42.7,5.5,2.8,2025-10-21
All jurisdictions,2025,All Sectors,51.0,299241.0,47.6,5.8,3.9,2025-10-21
All jurisdictions,2025,Private Sector,22.0,181228.0,48.2,7.2,4.3,2025-10-21
All jurisdictions,2025,Public Sector,29.0,118013.0,46.6,3.6,3.2,2025-10-21
Federal jurisdiction,2025,All Sectors,9.0,17332.0,47.9,4.8,3.8,2025-10-21
Federal jurisdiction,2025,Private Sector,7.0,8826.0,48.9,4.9,3.8,2025-10-21
Federal jurisdiction,2025,Public Sector,2.0,8506.0,46.8,4.7,3.7,2025-10-21
Nova Scotia,2025,All Sectors,1.0,1180.0,24.0,5.6,3.8,2025-10-21
Nova Scotia,2025,Public Sector,1.0,1180.0,24.0,5.6,3.8,2025-10-21
Quebec,2025,All Sectors,11.0,161191.0,49.6,7.6,4.4,2025-10-21
Quebec,2025,Private Sector,5.0,145818.0,48.1,8.0,4.5,2025-10-21
Quebec,2025,Public Sector,6.0,15373.0,63.9,4.2,3.1,2025-10-21
Ontario,2025,All Sectors,8.0,17488.0,41.5,4.8,4.5,2025-10-21
Ontario,2025,Private Sector,1.0,1606.0,24.0,10.8,10.2,2025-10-21
Ontario,2025,Public Sector,7.0,15882.0,43.3,4.2,3.9,2025-10-21
Manitoba,2025,All Sectors,2.0,8300.0,48.0,2.9,3.1,2025-10-21
Manitoba,2025,Public Sector,2.0,8300.0,48.0,2.9,3.1,2025-10-21
Saskatchewan,2025,All Sectors,1.0,12800.0,36.0,4.0,3.0,2025-10-21
Saskatchewan,2025,Public Sector,1.0,12800.0,36.0,4.0,3.0,2025-10-21
Alberta,2025,All Sectors,17.0,77000.0,46.4,3.0,2.9,2025-10-21
Alberta,2025,Private Sector,7.0,21028.0,48.9,2.7,2.5,2025-10-21
Alberta,2025,Public Sector,10.0,55972.0,45.5,3.2,3.0,2025-10-21
British Columbia,2025,All Sectors,2.0,3950.0,57.9,4.1,3.7,2025-10-21
British Columbia,2025,Private Sector,2.0,3950.0,57.9,4.1,3.7,2025-10-21
