unnamed:_0_level_0,total,total.1,total.2,total.3,total.4,without_cola,without_cola.1,without_cola.2,without_cola.3,without_cola.4,with_cola,with_cola.1,with_cola.2,with_cola.3,with_cola.4,page_source,section,extraction_date
Unnamed: 0_level_1,Number of agreements,Number of employees,Duration of agreements in months (average),First year percentage adjustment (average),Annual percentage adjustment (average),Number of agreements,Number of employees,Duration of agreements in months (average),First year percentage adjustment (average),Annual percentage adjustment (average),Number of agreements,Number of employees,Duration of agreements in months (average),First year percentage adjustment (average),Annual percentage adjustment (average),,,
August 2024,5,21192,45.1,3.2,3.0,5,21192,45.1,3.2,3.0,,,,,,cola_month,All sectors,2025-10-21
September 2024,5,14010,31.8,5.7,4.4,4,11300,33.6,3.4,3.0,1,2710,24.1,15.3,9.9,cola_month,All sectors,2025-10-21
October 2024,8,45176,45.7,3.4,3.7,8,45176,45.7,3.4,3.7,,,,,,cola_month,All sectors,2025-10-21
November 2024,6,6894,38.1,3.7,3.4,6,6894,38.1,3.7,3.4,,,,,,cola_month,All sectors,2025-10-21
December 2024,15,125802,52.7,5.3,3.7,14,44129,39.1,4.1,3.8,1,81673,60.0,6.0,3.6,cola_month,All sectors,2025-10-21
January 2025,7,13702,57.6,5.3,3.3,7,13702,57.6,5.3,3.3,,,,,,cola_month,All sectors,2025-10-21
February 2025,8,15157,45.3,4.7,3.6,8,15157,45.3,4.7,3.6,,,,,,cola_month,All sectors,2025-10-21
March 2025,6,22135,47.7,3.1,3.3,6,22135,47.7,3.1,3.3,,,,,,cola_month,All sectors,2025-10-21
April 2025,13,172748,46.9,6.3,4.6,13,172748,46.9,6.3,4.6,,,,,,cola_month,All sectors,2025-10-21
May 2025,9,25184,45.1,3.1,3.0,9,25184,45.1,3.1,3.0,,,,,,cola_month,All sectors,2025-10-21
June 2025,4,4657,53.6,3.6,3.4,4,4657,53.6,3.6,3.4,,,,,,cola_month,All sectors,2025-10-21
July 2025,4,45658,48.4,7.4,2.1,4,45658,48.4,7.4,2.1,,,,,,cola_month,All sectors,2025-10-21
August 2024,2,2990,36.0,7.0,2.8,2,2990,36.0,7.0,2.8,,,,,,cola_month,Private sector,2025-10-21
September 2024,4,9010,29.4,6.9,5.1,3,6300,31.7,3.4,3.1,1,2710,24.1,15.3,9.9,cola_month,Private sector,2025-10-21
October 2024,2,7296,46.0,3.5,3.1,2,7296,46.0,3.5,3.1,,,,,,cola_month,Private sector,2025-10-21
November 2024,,,,,,,,,,,,,,,,cola_month,Private sector,2025-10-21
December 2024,7,13801,57.2,2.8,3.7,7,13801,57.2,2.8,3.7,,,,,,cola_month,Private sector,2025-10-21
January 2025,3,3916,58.0,3.6,3.2,3,3916,58.0,3.6,3.2,,,,,,cola_month,Private sector,2025-10-21
February 2025,4,5057,44.9,5.5,4.0,4,5057,44.9,5.5,4.0,,,,,,cola_month,Private sector,2025-10-21
March 2025,1,1404,72.0,0.0,1.8,1,1404,72.0,0.0,1.8,,,,,,cola_month,Private sector,2025-10-21
April 2025,6,116015,47.8,7.7,5.3,6,116015,47.8,7.7,5.3,,,,,,cola_month,Private sector,2025-10-21
May 2025,4,11083,46.3,2.9,2.8,4,11083,46.3,2.9,2.8,,,,,,cola_month,Private sector,2025-10-21
June 2025,2,1523,47.1,4.7,3.5,2,1523,47.1,4.7,3.5,,,,,,cola_month,Private sector,2025-10-21
July 2025,2,42230,48.7,7.8,2.0,2,42230,48.7,7.8,2.0,,,,,,cola_month,Private sector,2025-10-21
August 2024,3,18202,46.5,2.6,3.1,3,18202,46.5,2.6,3.1,,,,,,cola_month,Public sector,2025-10-21
September 2024,1,5000,36.0,3.5,3.0,1,5000,36.0,3.5,3.0,,,,,,cola_month,Public sector,2025-10-21
October 2024,6,37880,45.6,3.4,3.8,6,37880,45.6,3.4,3.8,,,,,,cola_month,Public sector,2025-10-21
November 2024,6,6894,38.1,3.7,3.4,6,6894,38.1,3.7,3.4,,,,,,cola_month,Public sector,2025-10-21
December 2024,8,112001,52.1,5.7,3.7,7,30328,30.8,4.7,3.9,1,81673,60.0,6.0,3.6,cola_month,Public sector,2025-10-21
January 2025,4,9786,57.5,6.1,3.3,4,9786,57.5,6.1,3.3,,,,,,cola_month,Public sector,2025-10-21
February 2025,4,10100,45.6,4.3,3.4,4,10100,45.6,4.3,3.4,,,,,,cola_month,Public sector,2025-10-21
March 2025,5,20731,46.0,3.4,3.4,5,20731,46.0,3.4,3.4,,,,,,cola_month,Public sector,2025-10-21
April 2025,7,56733,45.3,3.4,3.1,7,56733,45.3,3.4,3.1,,,,,,cola_month,Public sector,2025-10-21
May 2025,5,14101,44.2,3.2,3.1,5,14101,44.2,3.2,3.1,,,,,,cola_month,Public sector,2025-10-21
June 2025,2,3134,56.8,3.0,3.4,2,3134,56.8,3.0,3.4,,,,,,cola_month,Public sector,2025-10-21
July 2025,2,3428,44.6,3.2,3.2,2,3428,44.6,3.2,3.2,,,,,,cola_month,Public sector,2025-10-21
Unnamed: 0_level_1,Number of agreements,Number of employees,Duration of agreements in months (average),First year percentage adjustment (average),Annual percentage adjustment (average),Number of agreements,Number of employees,Duration of agreements in months (average),First year percentage adjustment (average),Annual percentage adjustment (average),Number of agreements,Number of employees,Duration of agreements in months (average),First year percentage adjustment (average),Annual percentage adjustment (average),,,
All industries,5,21192,45.1,3.2,3.0,5,21192,45.1,3.2,3.0,,,,,,cola_industry,August 2024,2025-10-21
Primary industries,,,,,,,,,,,,,,,,cola_industry,August 2024,2025-10-21
Utilities,,,,,,,,,,,,,,,,cola_industry,August 2024,2025-10-21
Construction,,,,,,,,,,,,,,,,cola_industry,August 2024,2025-10-21
Manufacturing,,,,,,,,,,,,,,,,cola_industry,August 2024,2025-10-21
Wholesale and retail trade,,,,,,,,,,,,,,,,cola_industry,August 2024,2025-10-21
Transportation,1,652,36.0,4.0,3.3,1,652,36.0,4.0,3.3,,,,,,cola_industry,August 2024,2025-10-21
Information and culture,,,,,,,,,,,,,,,,cola_industry,August 2024,2025-10-21
Finance and professional services,1,2240,36.0,7.7,2.5,1,2240,36.0,7.7,2.5,,,,,,cola_industry,August 2024,2025-10-21
"Education, health, and social services",2,17550,46.9,2.6,3.1,2,17550,46.9,2.6,3.1,,,,,,cola_industry,August 2024,2025-10-21
Entertainment and hospitality,1,750,36.0,5.0,3.7,1,750,36.0,5.0,3.7,,,,,,cola_industry,August 2024,2025-10-21
Public administration,,,,,,,,,,,,,,,,cola_industry,August 2024,2025-10-21
All industries,5,14010,31.8,5.7,4.4,4,11300,33.6,3.4,3.0,1,2710,24.1,15.3,9.9,cola_industry,September 2024,2025-10-21
Primary industries,,,,,,,,,,,,,,,,cola_industry,September 2024,2025-10-21
Utilities,,,,,,,,,,,,,,,,cola_industry,September 2024,2025-10-21
Construction,,,,,,,,,,,,,,,,cola_industry,September 2024,2025-10-21
Manufacturing,1,2710,24.1,15.3,9.9,,,,,,1,2710,24.1,15.3,9.9,cola_industry,September 2024,2025-10-21
Wholesale and retail trade,,,,,,,,,,,,,,,,cola_industry,September 2024,2025-10-21
Transportation,1,550,48.0,5.0,4.2,1,550,48.0,5.0,4.2,,,,,,cola_industry,September 2024,2025-10-21
Information and culture,,,,,,,,,,,,,,,,cola_industry,September 2024,2025-10-21
Finance and professional services,2,5750,30.1,3.2,2.9,2,5750,30.1,3.2,2.9,,,,,,cola_industry,September 2024,2025-10-21
"Education, health, and social services",1,5000,36.0,3.5,3.0,1,5000,36.0,3.5,3.0,,,,,,cola_industry,September 2024,2025-10-21
Entertainment and hospitality,,,,,,,,,,,,,,,,cola_industry,September 2024,2025-10-21
Public administration,,,,,,,,,,,,,,,,cola_industry,September 2024,2025-10-21
All industries,8,45176,45.7,3.4,3.7,8,45176,45.7,3.4,3.7,,,,,,cola_industry,October 2024,2025-10-21
Primary industries,,,,,,,,,,,,,,,,cola_industry,October 2024,2025-10-21
Utilities,,,,,,,,,,,,,,,,cola_industry,October 2024,2025-10-21
Construction,,,,,,,,,,,,,,,,cola_industry,October 2024,2025-10-21
Manufacturing,,,,,,,,,,,,,,,,cola_industry,October 2024,2025-10-21
Wholesale and retail trade,,,,,,,,,,,,,,,,cola_industry,October 2024,2025-10-21
Transportation,1,600,24.0,3.2,3.1,1,600,24.0,3.2,3.1,,,,,,cola_industry,October 2024,2025-10-21
Information and culture,,,,,,,,,,,,,,,,cola_industry,October 2024,2025-10-21
Finance and professional services,,,,,,,,,,,,,,,,cola_industry,October 2024,2025-10-21
"Education, health, and social services",4,36396,47.8,3.0,3.8,4,36396,47.8,3.0,3.8,,,,,,cola_industry,October 2024,2025-10-21
Entertainment and hospitality,,,,,,,,,,,,,,,,cola_industry,October 2024,2025-10-21
Public administration,3,8180,37.6,5.4,3.4,3,8180,37.6,5.4,3.4,,,,,,cola_industry,October 2024,2025-10-21
All industries,6,6894,38.1,3.7,3.4,6,6894,38.1,3.7,3.4,,,,,,cola_industry,November 2024,2025-10-21
Primary industries,,,,,,,,,,,,,,,,cola_industry,November 2024,2025-10-21
Utilities,,,,,,,,,,,,,,,,cola_industry,November 2024,2025-10-21
Construction,,,,,,,,,,,,,,,,cola_industry,November 2024,2025-10-21
Manufacturing,,,,,,,,,,,,,,,,cola_industry,November 2024,2025-10-21
Wholesale and retail trade,,,,,,,,,,,,,,,,cola_industry,November 2024,2025-10-21
Transportation,,,,,,,,,,,,,,,,cola_industry,November 2024,2025-10-21
Information and culture,,,,,,,,,,,,,,,,cola_industry,November 2024,2025-10-21
Finance and professional services,1,1020,48.0,4.8,3.1,1,1020,48.0,4.8,3.1,,,,,,cola_industry,November 2024,2025-10-21
"Education, health, and social services",2,1547,30.2,4.3,3.8,2,1547,30.2,4.3,3.8,,,,,,cola_industry,November 2024,2025-10-21
Entertainment and hospitality,,,,,,,,,,,,,,,,cola_industry,November 2024,2025-10-21
Public administration,3,4327,38.6,3.3,3.3,3,4327,38.6,3.3,3.3,,,,,,cola_industry,November 2024,2025-10-21
All industries,15,125802,52.7,5.3,3.7,14,44129,39.1,4.1,3.8,1,81673,60.0,6.0,3.6,cola_industry,December 2024,2025-10-21
Primary industries,,,,,,,,,,,,,,,,cola_industry,December 2024,2025-10-21
Utilities,1,1151,24.0,4.0,3.7,1,1151,24.0,4.0,3.7,,,,,,cola_industry,December 2024,2025-10-21
Construction,,,,,,,,,,,,,,,,cola_industry,December 2024,2025-10-21
Manufacturing,1,1400,60.0,8.0,4.5,1,1400,60.0,8.0,4.5,,,,,,cola_industry,December 2024,2025-10-21
Wholesale and retail trade,,,,,,,,,,,,,,,,cola_industry,December 2024,2025-10-21
Transportation,3,4394,48.0,4.0,3.1,3,4394,48.0,4.0,3.1,,,,,,cola_industry,December 2024,2025-10-21
Information and culture,,,,,,,,,,,,,,,,cola_industry,December 2024,2025-10-21
Finance and professional services,1,6295,72.0,0.0,3.6,1,6295,72.0,0.0,3.6,,,,,,cola_industry,December 2024,2025-10-21
"Education, health, and social services",4,99443,54.2,5.8,3.6,3,17770,27.6,4.9,4.0,1,81673,60.0,6.0,3.6,cola_industry,December 2024,2025-10-21
Entertainment and hospitality,1,561,24.0,10.0,6.9,1,561,24.0,10.0,6.9,,,,,,cola_industry,December 2024,2025-10-21
Public administration,4,12558,35.3,4.5,3.8,4,12558,35.3,4.5,3.8,,,,,,cola_industry,December 2024,2025-10-21
All industries,7,13702,57.6,5.3,3.3,7,13702,57.6,5.3,3.3,,,,,,cola_industry,January 2025,2025-10-21
Primary industries,1,536,36.0,3.0,3.0,1,536,36.0,3.0,3.0,,,,,,cola_industry,January 2025,2025-10-21
Utilities,1,980,36.0,2.8,3.5,1,980,36.0,2.8,3.5,,,,,,cola_industry,January 2025,2025-10-21
Construction,,,,,,,,,,,,,,,,cola_industry,January 2025,2025-10-21
Manufacturing,1,2400,72.0,4.0,3.2,1,2400,72.0,4.0,3.2,,,,,,cola_industry,January 2025,2025-10-21
Wholesale and retail trade,1,4947,72.0,6.0,3.3,1,4947,72.0,6.0,3.3,,,,,,cola_industry,January 2025,2025-10-21
Transportation,,,,,,,,,,,,,,,,cola_industry,January 2025,2025-10-21
Information and culture,,,,,,,,,,,,,,,,cola_industry,January 2025,2025-10-21
Finance and professional services,,,,,,,,,,,,,,,,cola_industry,January 2025,2025-10-21
"Education, health, and social services",1,587,36.0,3.0,3.0,1,587,36.0,3.0,3.0,,,,,,cola_industry,January 2025,2025-10-21
Entertainment and hospitality,,,,,,,,,,,,,,,,cola_industry,January 2025,2025-10-21
Public administration,2,4252,43.6,6.5,3.4,2,4252,43.6,6.5,3.4,,,,,,cola_industry,January 2025,2025-10-21
All industries,8,15157,45.3,4.7,3.6,8,15157,45.3,4.7,3.6,,,,,,cola_industry,February 2025,2025-10-21
Primary industries,,,,,,,,,,,,,,,,cola_industry,February 2025,2025-10-21
Utilities,,,,,,,,,,,,,,,,cola_industry,February 2025,2025-10-21
Construction,,,,,,,,,,,,,,,,cola_industry,February 2025,2025-10-21
Manufacturing,,,,,,,,,,,,,,,,cola_industry,February 2025,2025-10-21
Wholesale and retail trade,,,,,,,,,,,,,,,,cola_industry,February 2025,2025-10-21
Transportation,4,5057,44.9,5.5,4.0,4,5057,44.9,5.5,4.0,,,,,,cola_industry,February 2025,2025-10-21
Information and culture,,,,,,,,,,,,,,,,cola_industry,February 2025,2025-10-21
Finance and professional services,,,,,,,,,,,,,,,,cola_industry,February 2025,2025-10-21
"Education, health, and social services",3,2430,37.9,2.7,2.6,3,2430,37.9,2.7,2.6,,,,,,cola_industry,February 2025,2025-10-21
Entertainment and hospitality,,,,,,,,,,,,,,,,cola_industry,February 2025,2025-10-21
Public administration,1,7670,48.0,4.7,3.7,1,7670,48.0,4.7,3.7,,,,,,cola_industry,February 2025,2025-10-21
All industries,6,22135,47.7,3.1,3.3,6,22135,47.7,3.1,3.3,,,,,,cola_industry,March 2025,2025-10-21
Primary industries,,,,,,,,,,,,,,,,cola_industry,March 2025,2025-10-21
Utilities,,,,,,,,,,,,,,,,cola_industry,March 2025,2025-10-21
Construction,,,,,,,,,,,,,,,,cola_industry,March 2025,2025-10-21
Manufacturing,,,,,,,,,,,,,,,,cola_industry,March 2025,2025-10-21
Wholesale and retail trade,,,,,,,,,,,,,,,,cola_industry,March 2025,2025-10-21
Transportation,1,3400,36.0,3.0,3.2,1,3400,36.0,3.0,3.2,,,,,,cola_industry,March 2025,2025-10-21
Information and culture,,,,,,,,,,,,,,,,cola_industry,March 2025,2025-10-21
Finance and professional services,,,,,,,,,,,,,,,,cola_industry,March 2025,2025-10-21
"Education, health, and social services",4,10495,51.2,2.6,3.0,4,10495,51.2,2.6,3.0,,,,,,cola_industry,March 2025,2025-10-21
Entertainment and hospitality,,,,,,,,,,,,,,,,cola_industry,March 2025,2025-10-21
Public administration,1,8240,48.0,3.9,3.7,1,8240,48.0,3.9,3.7,,,,,,cola_industry,March 2025,2025-10-21
All industries,13,172748,46.9,6.3,4.6,13,172748,46.9,6.3,4.6,,,,,,cola_industry,April 2025,2025-10-21
Primary industries,,,,,,,,,,,,,,,,cola_industry,April 2025,2025-10-21
Utilities,,,,,,,,,,,,,,,,cola_industry,April 2025,2025-10-21
Construction,4,113531,48.0,7.6,5.3,4,113531,48.0,7.6,5.3,,,,,,cola_industry,April 2025,2025-10-21
Manufacturing,,,,,,,,,,,,,,,,cola_industry,April 2025,2025-10-21
Wholesale and retail trade,1,878,60.0,6.7,3.9,1,878,60.0,6.7,3.9,,,,,,cola_industry,April 2025,2025-10-21
Transportation,,,,,,,,,,,,,,,,cola_industry,April 2025,2025-10-21
Information and culture,,,,,,,,,,,,,,,,cola_industry,April 2025,2025-10-21
Finance and professional services,,,,,,,,,,,,,,,,cola_industry,April 2025,2025-10-21
"Education, health, and social services",6,51020,43.6,3.4,3.2,6,51020,43.6,3.4,3.2,,,,,,cola_industry,April 2025,2025-10-21
Entertainment and hospitality,1,1606,24.0,10.8,10.2,1,1606,24.0,10.8,10.2,,,,,,cola_industry,April 2025,2025-10-21
Public administration,1,5713,60.0,2.8,2.5,1,5713,60.0,2.8,2.5,,,,,,cola_industry,April 2025,2025-10-21
All industries,9,25184,45.1,3.1,3.0,9,25184,45.1,3.1,3.0,,,,,,cola_industry,May 2025,2025-10-21
Primary industries,,,,,,,,,,,,,,,,cola_industry,May 2025,2025-10-21
Utilities,,,,,,,,,,,,,,,,cola_industry,May 2025,2025-10-21
Construction,3,9533,47.9,2.7,2.5,3,9533,47.9,2.7,2.5,,,,,,cola_industry,May 2025,2025-10-21
Manufacturing,,,,,,,,,,,,,,,,cola_industry,May 2025,2025-10-21
Wholesale and retail trade,,,,,,,,,,,,,,,,cola_industry,May 2025,2025-10-21
Transportation,,,,,,,,,,,,,,,,cola_industry,May 2025,2025-10-21
Information and culture,,,,,,,,,,,,,,,,cola_industry,May 2025,2025-10-21
Finance and professional services,1,1550,36.0,4.2,4.6,1,1550,36.0,4.2,4.6,,,,,,cola_industry,May 2025,2025-10-21
"Education, health, and social services",2,7024,46.4,2.9,2.9,2,7024,46.4,2.9,2.9,,,,,,cola_industry,May 2025,2025-10-21
Entertainment and hospitality,,,,,,,,,,,,,,,,cola_industry,May 2025,2025-10-21
Public administration,3,7077,42.1,3.5,3.3,3,7077,42.1,3.5,3.3,,,,,,cola_industry,May 2025,2025-10-21
All industries,4,4657,53.6,3.6,3.4,4,4657,53.6,3.6,3.4,,,,,,cola_industry,June 2025,2025-10-21
Primary industries,,,,,,,,,,,,,,,,cola_industry,June 2025,2025-10-21
Utilities,1,2300,60.0,3.0,3.5,1,2300,60.0,3.0,3.5,,,,,,cola_industry,June 2025,2025-10-21
Construction,1,790,46.3,4.4,2.5,1,790,46.3,4.4,2.5,,,,,,cola_industry,June 2025,2025-10-21
Manufacturing,,,,,,,,,,,,,,,,cola_industry,June 2025,2025-10-21
Wholesale and retail trade,,,,,,,,,,,,,,,,cola_industry,June 2025,2025-10-21
Transportation,1,733,48.0,5.0,4.5,1,733,48.0,5.0,4.5,,,,,,cola_industry,June 2025,2025-10-21
Information and culture,,,,,,,,,,,,,,,,cola_industry,June 2025,2025-10-21
Finance and professional services,,,,,,,,,,,,,,,,cola_industry,June 2025,2025-10-21
"Education, health, and social services",1,834,48.0,3.0,3.0,1,834,48.0,3.0,3.0,,,,,,cola_industry,June 2025,2025-10-21
Entertainment and hospitality,,,,,,,,,,,,,,,,cola_industry,June 2025,2025-10-21
Public administration,,,,,,,,,,,,,,,,cola_industry,June 2025,2025-10-21
All industries,4,45658,48.4,7.4,2.1,4,45658,48.4,7.4,2.1,,,,,,cola_industry,July 2025,2025-10-21
Primary industries,,,,,,,,,,,,,,,,cola_industry,July 2025,2025-10-21
Utilities,,,,,,,,,,,,,,,,cola_industry,July 2025,2025-10-21
Construction,1,39730,48.0,8.0,1.9,1,39730,48.0,8.0,1.9,,,,,,cola_industry,July 2025,2025-10-21
Manufacturing,,,,,,,,,,,,,,,,cola_industry,July 2025,2025-10-21
Wholesale and retail trade,,,,,,,,,,,,,,,,cola_industry,July 2025,2025-10-21
Transportation,1,2592,47.4,3.0,3.0,1,2592,47.4,3.0,3.0,,,,,,cola_industry,July 2025,2025-10-21
Information and culture,1,2500,60.0,4.0,3.4,1,2500,60.0,4.0,3.4,,,,,,cola_industry,July 2025,2025-10-21
Finance and professional services,1,836,36.0,4.0,3.5,1,836,36.0,4.0,3.5,,,,,,cola_industry,July 2025,2025-10-21
"Education, health, and social services",,,,,,,,,,,,,,,,cola_industry,July 2025,2025-10-21
Entertainment and hospitality,,,,,,,,,,,,,,,,cola_industry,July 2025,2025-10-21
Public administration,,,,,,,,,,,,,,,,cola_industry,July 2025,2025-10-21
All industries,292,1194600,48.5,0.9,1.4,279,1096282,49.3,0.9,1.4,13,98318,38.8,1.1,1.1,cola_industry,2016,2025-10-21
Primary industries,8,14090,32.1,0.2,0.7,8,14090,32.1,0.2,0.7,,,,,,cola_industry,2016,2025-10-21
Utilities,8,5800,48.9,0.8,1.4,8,5800,48.9,0.8,1.4,,,,,,cola_industry,2016,2025-10-21
Construction,53,112580,36.7,2.0,1.9,53,112580,36.7,2.0,1.9,,,,,,cola_industry,2016,2025-10-21
Manufacturing,29,43197,51.0,1.9,1.4,20,16797,55.0,2.1,2.0,9,26400,48.5,1.8,1.1,cola_industry,2016,2025-10-21
Wholesale and retail trade,9,24215,60.4,1.4,1.3,8,18215,60.6,1.2,1.4,1,6000,60.0,1.7,1.2,cola_industry,2016,2025-10-21
Transportation,18,85950,42.0,1.0,1.4,16,26950,71.5,1.4,1.8,2,59000,28.5,0.8,1.2,cola_industry,2016,2025-10-21
Information and culture,5,14578,56.0,0.7,1.2,4,7660,41.6,1.4,1.5,1,6918,72.0,0.0,1.0,cola_industry,2016,2025-10-21
Finance and professional services,8,5980,41.7,1.9,1.7,8,5980,41.7,1.9,1.7,,,,,,cola_industry,2016,2025-10-21
"Education, health, and social services",98,697660,49.7,0.5,1.2,98,697660,49.7,0.5,1.2,,,,,,cola_industry,2016,2025-10-21
Entertainment and hospitality,5,4010,45.9,1.7,1.7,5,4010,45.9,1.7,1.7,,,,,,cola_industry,2016,2025-10-21
Public administration,51,186540,52.8,1.3,1.5,51,186540,52.8,1.3,1.5,,,,,,cola_industry,2016,2025-10-21
All industries,224,868612,39.8,1.7,1.7,222,865969,39.7,1.7,1.7,2,2643,47.3,1.6,1.8,cola_industry,2017,2025-10-21
Primary industries,10,13602,36.8,0.7,0.9,9,11909,35.2,0.5,0.6,1,1693,48.0,2.4,2.6,cola_industry,2017,2025-10-21
Utilities,3,2920,29.4,1.6,1.7,3,2920,29.4,1.6,1.7,,,,,,cola_industry,2017,2025-10-21
Construction,16,97270,44.5,3.4,2.0,16,97270,44.5,3.4,2.0,,,,,,cola_industry,2017,2025-10-21
Manufacturing,10,10440,48.3,1.5,1.4,9,9490,48.6,1.6,1.5,1,950,46.0,0.0,0.3,cola_industry,2017,2025-10-21
Wholesale and retail trade,7,14550,47.5,1.7,1.9,7,14550,47.5,1.7,1.9,,,,,,cola_industry,2017,2025-10-21
Transportation,19,28362,46.8,1.8,2.1,19,28362,46.8,1.8,2.1,,,,,,cola_industry,2017,2025-10-21
Information and culture,6,8936,47.3,1.6,1.8,6,8936,47.3,1.6,1.8,,,,,,cola_industry,2017,2025-10-21
Finance and professional services,11,20770,53.3,2.0,2.2,11,20770,53.3,2.0,2.2,,,,,,cola_industry,2017,2025-10-21
"Education, health, and social services",80,398216,30.5,1.5,1.7,80,398216,30.5,1.5,1.7,,,,,,cola_industry,2017,2025-10-21
Entertainment and hospitality,5,6350,46.7,2.0,1.9,5,6350,46.7,2.0,1.9,,,,,,cola_industry,2017,2025-10-21
Public administration,57,267196,49.1,1.4,1.6,57,267196,49.1,1.4,1.6,,,,,,cola_industry,2017,2025-10-21
All industries,226,761192,42.7,1.4,1.4,224,758399,42.6,1.3,1.4,2,2793,60.0,10.9,4.1,cola_industry,2018,2025-10-21
Primary industries,2,2213,50.9,8.7,2.7,1,720,32.0,-1.4,-0.5,1,1493,60.0,13.7,4.3,cola_industry,2018,2025-10-21
Utilities,11,29176,44.9,1.3,2.0,11,29176,44.9,1.3,2.0,,,,,,cola_industry,2018,2025-10-21
Construction,16,93740,46.9,2.1,1.5,16,93740,46.9,2.1,1.5,,,,,,cola_industry,2018,2025-10-21
Manufacturing,13,13488,51.9,2.2,1.9,12,12188,51.0,1.7,1.7,1,1300,60.0,7.6,3.9,cola_industry,2018,2025-10-21
Wholesale and retail trade,10,20373,52.8,0.9,1.4,10,20373,52.8,0.9,1.4,,,,,,cola_industry,2018,2025-10-21
Transportation,16,28882,44.0,2.0,2.2,16,28882,44.0,2.0,2.2,,,,,,cola_industry,2018,2025-10-21
Information and culture,8,25890,45.5,2.6,2.4,8,25890,45.5,2.6,2.4,,,,,,cola_industry,2018,2025-10-21
Finance and professional services,17,44852,47.9,2.7,2.1,17,44852,47.9,2.7,2.1,,,,,,cola_industry,2018,2025-10-21
"Education, health, and social services",77,330519,39.0,0.8,1.0,77,330519,39.0,0.8,1.0,,,,,,cola_industry,2018,2025-10-21
Entertainment and hospitality,9,7940,45.6,2.5,2.4,9,7940,45.6,2.5,2.4,,,,,,cola_industry,2018,2025-10-21
Public administration,47,164119,42.7,1.1,1.2,47,164119,42.7,1.1,1.2,,,,,,cola_industry,2018,2025-10-21
All industries,269,684720,43.1,1.8,1.8,268,684220,43.1,1.8,1.8,1,500,36.0,2.4,3.2,cola_industry,2019,2025-10-21
Primary industries,4,5630,55.7,2.3,2.4,4,5630,55.7,2.3,2.4,,,,,,cola_industry,2019,2025-10-21
Utilities,12,19730,36.0,1.8,2.1,12,19730,36.0,1.8,2.1,,,,,,cola_industry,2019,2025-10-21
Construction,44,109945,36.6,2.0,2.1,44,109945,36.6,2.0,2.1,,,,,,cola_industry,2019,2025-10-21
Manufacturing,16,17760,61.1,2.0,2.2,15,17260,61.8,1.9,2.1,1,500,36.0,2.4,3.2,cola_industry,2019,2025-10-21
Wholesale and retail trade,11,25528,58.1,1.2,1.7,11,25528,58.1,1.2,1.7,,,,,,cola_industry,2019,2025-10-21
Transportation,20,41980,54.4,2.2,2.4,20,41980,54.4,2.2,2.4,,,,,,cola_industry,2019,2025-10-21
Information and culture,6,10782,53.8,1.2,1.3,6,10782,53.8,1.2,1.3,,,,,,cola_industry,2019,2025-10-21
Finance and professional services,6,5820,47.1,2.1,1.8,6,5820,47.1,2.1,1.8,,,,,,cola_industry,2019,2025-10-21
"Education, health, and social services",90,294965,38.3,1.3,1.6,90,294965,38.3,1.3,1.6,,,,,,cola_industry,2019,2025-10-21
Entertainment and hospitality,2,1800,36.0,7.1,5.0,2,1800,36.0,7.1,5.0,,,,,,cola_industry,2019,2025-10-21
Public administration,58,150780,48.8,2.4,1.9,58,150780,48.8,2.4,1.9,,,,,,cola_industry,2019,2025-10-21
All industries,182,809923,41.4,1.8,1.9,174,723153,40.9,1.8,1.9,8,86770,45.6,2.2,2.2,cola_industry,2020,2025-10-21
Primary industries,1,650,64.8,2.5,2.2,1,650,64.8,2.5,2.2,,,,,,cola_industry,2020,2025-10-21
Utilities,5,12606,44.3,1.5,1.9,5,12606,44.3,1.5,1.9,,,,,,cola_industry,2020,2025-10-21
Construction,10,20042,44.5,0.8,1.0,10,20042,44.5,0.8,1.0,,,,,,cola_industry,2020,2025-10-21
Manufacturing,14,39945,40.3,3.2,2.1,8,12175,50.3,4.8,2.7,6,27770,35.9,2.5,1.8,cola_industry,2020,2025-10-21
Wholesale and retail trade,9,13811,75.5,0.9,1.0,9,13811,75.5,0.9,1.0,,,,,,cola_industry,2020,2025-10-21
Transportation,22,98811,51.5,2.1,2.3,20,39811,53.3,2.1,2.2,2,59000,50.2,2.0,2.4,cola_industry,2020,2025-10-21
Information and culture,2,3450,43.9,1.2,1.3,2,3450,43.9,1.2,1.3,,,,,,cola_industry,2020,2025-10-21
Finance and professional services,9,25148,45.8,1.3,1.6,9,25148,45.8,1.3,1.6,,,,,,cola_industry,2020,2025-10-21
"Education, health, and social services",74,385643,36.4,1.5,1.9,74,385643,36.4,1.5,1.9,,,,,,cola_industry,2020,2025-10-21
Entertainment and hospitality,3,2038,31.3,1.6,1.7,3,2038,31.3,1.6,1.7,,,,,,cola_industry,2020,2025-10-21
Public administration,33,207779,42.7,2.3,1.9,33,207779,42.7,2.3,1.9,,,,,,cola_industry,2020,2025-10-21
All industries,179,1030411,42.8,1.8,1.9,175,978532,42.9,1.8,1.9,4,51879,40.3,2.2,2.6,cola_industry,2021,2025-10-21
Primary industries,3,3139,44.5,1.4,2.4,2,1260,39.4,2.4,2.4,1,1879,48.0,0.6,2.3,cola_industry,2021,2025-10-21
Utilities,8,17469,27.5,1.1,1.1,8,17469,27.5,1.1,1.1,,,,,,cola_industry,2021,2025-10-21
Construction,9,149177,47.9,2.0,2.0,9,149177,47.9,2.0,2.0,,,,,,cola_industry,2021,2025-10-21
Manufacturing,15,14707,51.2,4.5,2.3,14,12707,49.8,3.9,2.1,1,2000,60.0,8.4,3.3,cola_industry,2021,2025-10-21
Wholesale and retail trade,10,24770,55.8,1.5,1.4,9,18770,62.2,1.4,1.2,1,6000,36.0,2.0,2.0,cola_industry,2021,2025-10-21
Transportation,14,57058,40.6,2.1,2.5,13,15058,43.4,2.4,2.0,1,42000,39.7,2.0,2.7,cola_industry,2021,2025-10-21
Information and culture,5,8228,57.5,1.7,1.9,5,8228,57.5,1.7,1.9,,,,,,cola_industry,2021,2025-10-21
Finance and professional services,6,7582,43.2,0.5,2.1,6,7582,43.2,0.5,2.1,,,,,,cola_industry,2021,2025-10-21
"Education, health, and social services",69,584584,38.9,1.8,1.9,69,584584,38.9,1.8,1.9,,,,,,cola_industry,2021,2025-10-21
Entertainment and hospitality,4,4836,36.7,0.1,1.0,4,4836,36.7,0.1,1.0,,,,,,cola_industry,2021,2025-10-21
Public administration,36,158861,51.4,1.7,1.9,36,158861,51.4,1.7,1.9,,,,,,cola_industry,2021,2025-10-21
All industries,147,706936,42.5,2.8,2.7,143,640736,43.2,2.7,2.6,4,66200,36.0,4.1,3.8,cola_industry,2022,2025-10-21
Primary industries,1,1011,60.0,2.0,2.0,1,1011,60.0,2.0,2.0,,,,,,cola_industry,2022,2025-10-21
Utilities,4,3055,44.7,0.4,1.6,4,3055,44.7,0.4,1.6,,,,,,cola_industry,2022,2025-10-21
Construction,8,58510,35.7,4.6,4.4,8,58510,35.7,4.6,4.4,,,,,,cola_industry,2022,2025-10-21
Manufacturing,8,12376,52.3,9.0,3.9,7,9666,56.9,11.3,4.5,1,2710,35.9,0.8,1.8,cola_industry,2022,2025-10-21
Wholesale and retail trade,3,10577,43.5,7.9,3.1,3,10577,43.5,7.9,3.1,,,,,,cola_industry,2022,2025-10-21
Transportation,17,42278,42.0,3.3,2.9,17,42278,42.0,3.3,2.9,,,,,,cola_industry,2022,2025-10-21
Information and culture,9,15770,47.8,2.6,2.4,9,15770,47.8,2.6,2.4,,,,,,cola_industry,2022,2025-10-21
Finance and professional services,9,23855,53.6,1.8,2.1,9,23855,53.6,1.8,2.1,,,,,,cola_industry,2022,2025-10-21
"Education, health, and social services",59,404495,42.9,2.5,2.6,57,341685,44.2,2.1,2.3,2,62810,36.0,4.2,3.9,cola_industry,2022,2025-10-21
Entertainment and hospitality,2,2406,40.0,4.8,3.7,2,2406,40.0,4.8,3.7,,,,,,cola_industry,2022,2025-10-21
Public administration,27,132603,40.7,2.4,2.3,26,131923,40.8,2.4,2.3,1,680,36.0,4.3,3.2,cola_industry,2022,2025-10-21
All industries,159,720010,42.9,3.7,3.4,149,689985,43.2,3.5,3.3,10,30025,36.1,7.2,4.6,cola_industry,2023,2025-10-21
Primary industries,1,750,48.0,3.5,2.9,1,750,48.0,3.5,2.9,,,,,,cola_industry,2023,2025-10-21
Utilities,8,19154,29.4,3.9,3.8,8,19154,29.4,3.9,3.8,,,,,,cola_industry,2023,2025-10-21
Construction,9,25701,27.8,8.2,5.9,9,25701,27.8,8.2,5.9,,,,,,cola_industry,2023,2025-10-21
Manufacturing,9,22886,37.3,8.9,4.9,5,3886,43.5,6.1,4.1,4,19000,36.1,9.5,5.1,cola_industry,2023,2025-10-21
Wholesale and retail trade,4,13379,57.5,8.9,4.0,4,13379,57.5,8.9,4.0,,,,,,cola_industry,2023,2025-10-21
Transportation,24,44872,38.1,4.9,3.9,24,44872,38.1,4.9,3.9,,,,,,cola_industry,2023,2025-10-21
Information and culture,4,10961,57.3,1.6,2.5,4,10961,57.3,1.6,2.5,,,,,,cola_industry,2023,2025-10-21
Finance and professional services,4,3619,45.8,7.0,4.3,4,3619,45.8,7.0,4.3,,,,,,cola_industry,2023,2025-10-21
"Education, health, and social services",61,315067,41.4,3.7,3.2,55,304042,41.5,3.7,3.2,6,11025,36.3,3.3,3.9,cola_industry,2023,2025-10-21
Entertainment and hospitality,,,,,,,,,,,,,,,,cola_industry,2023,2025-10-21
Public administration,35,263621,47.1,2.3,3.0,35,263621,47.1,2.3,3.0,,,,,,cola_industry,2023,2025-10-21
All industries,145,1115557,50.8,4.7,3.4,121,552008,41.5,3.4,3.1,24,563549,59.8,6.0,3.6,cola_industry,2024,2025-10-21
Primary industries,1,3317,36.0,5.0,4.0,1,3317,36.0,5.0,4.0,,,,,,cola_industry,2024,2025-10-21
Utilities,3,3361,31.9,3.3,3.0,3,3361,31.9,3.3,3.0,,,,,,cola_industry,2024,2025-10-21
Construction,1,700,48.0,2.8,2.6,1,700,48.0,2.8,2.6,,,,,,cola_industry,2024,2025-10-21
Manufacturing,7,8804,41.9,10.4,6.1,6,6094,49.8,8.2,4.4,1,2710,24.1,15.3,9.9,cola_industry,2024,2025-10-21
Wholesale and retail trade,1,10229,36.0,3.0,2.6,1,10229,36.0,3.0,2.6,,,,,,cola_industry,2024,2025-10-21
Transportation,11,24201,41.5,5.0,4.0,11,24201,41.5,5.0,4.0,,,,,,cola_industry,2024,2025-10-21
Information and culture,6,8605,40.7,3.2,2.0,6,8605,40.7,3.2,2.0,,,,,,cola_industry,2024,2025-10-21
Finance and professional services,7,24715,35.1,3.4,3.7,7,24715,35.1,3.4,3.7,,,,,,cola_industry,2024,2025-10-21
"Education, health, and social services",76,904206,53.2,4.9,3.3,53,343367,42.0,3.1,2.9,23,560839,60.0,6.0,3.6,cola_industry,2024,2025-10-21
Entertainment and hospitality,2,1311,30.9,7.1,5.1,2,1311,30.9,7.1,5.1,,,,,,cola_industry,2024,2025-10-21
Public administration,30,126108,42.1,3.9,3.3,30,126108,42.1,3.9,3.3,,,,,,cola_industry,2024,2025-10-21
All industries,51,299241,47.6,5.8,3.9,51,299241,47.6,5.8,3.9,,,,,,cola_industry,2025,2025-10-21
Primary industries,1,536,36.0,3.0,3.0,1,536,36.0,3.0,3.0,,,,,,cola_industry,2025,2025-10-21
Utilities,2,3280,52.8,2.9,3.5,2,3280,52.8,2.9,3.5,,,,,,cola_industry,2025,2025-10-21
Construction,9,163584,48.0,7.4,4.3,9,163584,48.0,7.4,4.3,,,,,,cola_industry,2025,2025-10-21
Manufacturing,1,2400,72.0,4.0,3.2,1,2400,72.0,4.0,3.2,,,,,,cola_industry,2025,2025-10-21
Wholesale and retail trade,2,5825,70.2,6.1,3.4,2,5825,70.2,6.1,3.4,,,,,,cola_industry,2025,2025-10-21
Transportation,7,11782,43.0,4.2,3.6,7,11782,43.0,4.2,3.6,,,,,,cola_industry,2025,2025-10-21
Information and culture,1,2500,60.0,4.0,3.4,1,2500,60.0,4.0,3.4,,,,,,cola_industry,2025,2025-10-21
Finance and professional services,2,2386,36.0,4.2,4.2,2,2386,36.0,4.2,4.2,,,,,,cola_industry,2025,2025-10-21
"Education, health, and social services",17,72390,44.8,3.2,3.1,17,72390,44.8,3.2,3.1,,,,,,cola_industry,2025,2025-10-21
Entertainment and hospitality,1,1606,24.0,10.8,10.2,1,1606,24.0,10.8,10.2,,,,,,cola_industry,2025,2025-10-21
Public administration,8,32952,48.2,4.2,3.3,8,32952,48.2,4.2,3.3,,,,,,cola_industry,2025,2025-10-21
Unnamed: 0_level_1,Number of agreements,Number of employees,Duration of agreements in months (average),First year percentage adjustment (average),Annual percentage adjustment (average),Number of agreements,Number of employees,Duration of agreements in months (average),First year percentage adjustment (average),Annual percentage adjustment (average),Number of agreements,Number of employees,Duration of agreements in months (average),First year percentage adjustment (average),Annual percentage adjustment (average),,,
2016,292,1194600,48.5,0.9,1.4,279,1096282,49.3,0.9,1.4,13,98318,38.8,1.1,1.1,cola_year,All sectors,2025-10-21
2017,224,868612,39.8,1.7,1.7,222,865969,39.7,1.7,1.7,2,2643,47.3,1.6,1.8,cola_year,All sectors,2025-10-21
2018,226,761192,42.7,1.4,1.4,224,758399,42.6,1.3,1.4,2,2793,60.0,10.9,4.1,cola_year,All sectors,2025-10-21
2019,269,684720,43.1,1.8,1.8,268,684220,43.1,1.8,1.8,1,500,36.0,2.4,3.2,cola_year,All sectors,2025-10-21
2020,182,809923,41.4,1.8,1.9,174,723153,40.9,1.8,1.9,8,86770,45.6,2.2,2.2,cola_year,All sectors,2025-10-21
2021,179,1030411,42.8,1.8,1.9,175,978532,42.9,1.8,1.9,4,51879,40.3,2.2,2.6,cola_year,All sectors,2025-10-21
2022,147,706936,42.5,2.8,2.7,143,640736,43.2,2.7,2.6,4,66200,36.0,4.1,3.8,cola_year,All sectors,2025-10-21
2023,159,720010,42.9,3.7,3.4,149,689985,43.2,3.5,3.3,10,30025,36.1,7.2,4.6,cola_year,All sectors,2025-10-21
2024,145,1115557,50.8,4.7,3.4,121,552008,41.5,3.4,3.1,24,563549,59.8,6.0,3.6,cola_year,All sectors,2025-10-21
2025,51,299241,47.6,5.8,3.9,51,299241,47.6,5.8,3.9,,,,,,cola_year,All sectors,2025-10-21
2016,128,247565,45.4,1.5,1.5,117,208247,43.7,1.5,1.6,11,39318,54.4,1.5,1.1,cola_year,Private sector,2025-10-21
2017,75,193038,44.9,2.6,2.0,73,190395,44.9,2.6,2.0,2,2643,47.3,1.6,1.8,cola_year,Private sector,2025-10-21
2018,82,220436,47.4,2.3,1.9,80,217643,47.2,2.1,1.8,2,2793,60.0,10.9,4.1,cola_year,Private sector,2025-10-21
2019,97,187467,43.2,2.0,2.1,96,186967,43.2,2.0,2.1,1,500,36.0,2.4,3.2,cola_year,Private sector,2025-10-21
2020,60,139261,47.0,2.0,1.7,54,111491,49.7,1.8,1.7,6,27770,35.9,2.5,1.8,cola_year,Private sector,2025-10-21
2021,63,225105,48.6,2.0,2.0,60,215226,48.9,2.0,1.9,3,9879,43.1,3.0,2.3,cola_year,Private sector,2025-10-21
2022,42,139126,45.1,4.2,3.6,41,136416,45.3,4.3,3.6,1,2710,35.9,0.8,1.8,cola_year,Private sector,2025-10-21
2023,52,121682,41.6,6.5,4.3,48,102682,42.6,5.9,4.1,4,19000,36.1,9.5,5.1,cola_year,Private sector,2025-10-21
2024,34,72914,40.7,4.2,3.5,33,70204,41.3,3.8,3.3,1,2710,24.1,15.3,9.9,cola_year,Private sector,2025-10-21
2025,22,181228,48.2,7.2,4.3,22,181228,48.2,7.2,4.3,,,,,,cola_year,Private sector,2025-10-21
2016,164,947035,49.2,0.7,1.3,162,888035,50.6,0.7,1.3,2,59000,28.5,0.8,1.2,cola_year,Public sector,2025-10-21
2017,149,675574,38.3,1.4,1.7,149,675574,38.3,1.4,1.7,,,,,,cola_year,Public sector,2025-10-21
2018,144,540756,40.7,1.0,1.2,144,540756,40.7,1.0,1.2,,,,,,cola_year,Public sector,2025-10-21
2019,172,497253,43.0,1.7,1.7,172,497253,43.0,1.7,1.7,,,,,,cola_year,Public sector,2025-10-21
2020,122,670662,40.2,1.8,2.0,120,611662,39.3,1.8,1.9,2,59000,50.2,2.0,2.4,cola_year,Public sector,2025-10-21
2021,116,805306,41.2,1.8,1.9,115,763306,41.2,1.8,1.9,1,42000,39.7,2.0,2.7,cola_year,Public sector,2025-10-21
2022,105,567810,41.9,2.5,2.5,102,504320,42.6,2.3,2.3,3,63490,36.0,4.2,3.9,cola_year,Public sector,2025-10-21
2023,107,598328,43.2,3.1,3.2,101,587303,43.3,3.1,3.2,6,11025,36.3,3.3,3.9,cola_year,Public sector,2025-10-21
2024,111,1042643,51.5,4.8,3.3,88,481804,41.6,3.4,3.1,23,560839,60.0,6.0,3.6,cola_year,Public sector,2025-10-21
2025,29,118013,46.6,3.6,3.2,29,118013,46.6,3.6,3.2,,,,,,cola_year,Public sector,2025-10-21
Unnamed: 0_level_1,Number of agreements,Number of employees,Duration of agreements in months (average),First year percentage adjustment (average),Annual percentage adjustment (average),Number of agreements,Number of employees,Duration of agreements in months (average),First year percentage adjustment (average),Annual percentage adjustment (average),Number of agreements,Number of employees,Duration of agreements in months (average),First year percentage adjustment (average),Annual percentage adjustment (average),,,
Q3 2022,46,207945,47.3,2.1,1.9,45,206467,47.3,2.1,1.9,1,1478,36.0,4.2,4.6,cola_quarter,All sectors,2025-10-21
Q4 2022,44,246342,39.3,3.9,3.6,43,185010,40.4,3.7,3.5,1,61332,36.0,4.2,3.9,cola_quarter,All sectors,2025-10-21
Q1 2023,30,61655,42.6,3.8,3.4,26,53170,43.7,3.8,3.4,4,8485,36.0,3.5,3.9,cola_quarter,All sectors,2025-10-21
Q2 2023,51,308518,42.4,2.6,3.0,49,305678,42.4,2.6,3.0,2,2840,36.2,2.6,3.7,cola_quarter,All sectors,2025-10-21
Q3 2023,46,169307,37.5,5.4,4.3,44,162807,37.5,5.2,4.2,2,6500,36.5,9.0,4.9,cola_quarter,All sectors,2025-10-21
Q4 2023,32,180530,48.9,4.0,3.0,30,168330,49.8,3.5,2.9,2,12200,36.0,10.0,5.2,cola_quarter,All sectors,2025-10-21
Q1 2024,33,188927,45.9,3.0,2.6,33,188927,45.9,3.0,2.6,,,,,,cola_quarter,All sectors,2025-10-21
Q2 2024,56,653329,53.5,5.3,3.5,34,174163,35.6,3.5,3.2,22,479166,60.0,6.0,3.6,cola_quarter,All sectors,2025-10-21
Q3 2024,27,95429,42.8,4.1,3.3,26,92719,43.3,3.8,3.1,1,2710,24.1,15.3,9.9,cola_quarter,All sectors,2025-10-21
Q4 2024,29,177872,50.3,4.8,3.7,28,96199,42.1,3.8,3.7,1,81673,60.0,6.0,3.6,cola_quarter,All sectors,2025-10-21
Q1 2025,21,50994,49.7,4.2,3.4,21,50994,49.7,4.2,3.4,,,,,,cola_quarter,All sectors,2025-10-21
Q2 2025,26,202589,46.9,5.8,4.4,26,202589,46.9,5.8,4.4,,,,,,cola_quarter,All sectors,2025-10-21
Q3 2022,17,54160,51.9,4.7,3.4,17,54160,51.9,4.7,3.4,,,,,,cola_quarter,Private sector,2025-10-21
Q4 2022,9,15408,46.9,4.6,3.7,9,15408,46.9,4.6,3.7,,,,,,cola_quarter,Private sector,2025-10-21
Q1 2023,10,26380,37.8,4.8,4.0,10,26380,37.8,4.8,4.0,,,,,,cola_quarter,Private sector,2025-10-21
Q2 2023,18,34841,30.4,6.8,4.9,17,33541,30.2,7.0,5.0,1,1300,36.3,3.0,3.5,cola_quarter,Private sector,2025-10-21
Q3 2023,14,24965,43.1,6.5,4.5,13,19465,45.1,5.5,4.3,1,5500,36.1,10.0,5.2,cola_quarter,Private sector,2025-10-21
Q4 2023,10,35496,54.2,7.4,3.7,8,23296,63.6,6.0,3.0,2,12200,36.0,10.0,5.2,cola_quarter,Private sector,2025-10-21
Q1 2024,8,21291,42.5,2.6,2.4,8,21291,42.5,2.6,2.4,,,,,,cola_quarter,Private sector,2025-10-21
Q2 2024,9,17020,28.5,4.9,4.2,9,17020,28.5,4.9,4.2,,,,,,cola_quarter,Private sector,2025-10-21
Q3 2024,8,13506,33.5,7.7,4.5,7,10796,35.8,5.8,3.2,1,2710,24.1,15.3,9.9,cola_quarter,Private sector,2025-10-21
Q4 2024,9,21097,53.3,3.0,3.5,9,21097,53.3,3.0,3.5,,,,,,cola_quarter,Private sector,2025-10-21
Q1 2025,8,10377,53.5,4.0,3.4,8,10377,53.5,4.0,3.4,,,,,,cola_quarter,Private sector,2025-10-21
Q2 2025,12,128621,47.6,7.2,5.1,12,128621,47.6,7.2,5.1,,,,,,cola_quarter,Private sector,2025-10-21
Q3 2022,29,153785,45.6,1.1,1.4,28,152307,45.7,1.1,1.4,1,1478,36.0,4.2,4.6,cola_quarter,Public sector,2025-10-21
Q4 2022,35,230934,38.8,3.8,3.6,34,169602,39.9,3.7,3.4,1,61332,36.0,4.2,3.9,cola_quarter,Public sector,2025-10-21
Q1 2023,20,35275,46.2,3.0,3.0,16,26790,49.5,2.9,2.7,4,8485,36.0,3.5,3.9,cola_quarter,Public sector,2025-10-21
Q2 2023,33,273677,43.9,2.0,2.8,32,272137,44.0,2.0,2.8,1,1540,36.0,2.3,4.0,cola_quarter,Public sector,2025-10-21
Q3 2023,32,144342,36.5,5.2,4.2,31,143342,36.5,5.2,4.2,1,1000,39.0,3.5,3.4,cola_quarter,Public sector,2025-10-21
Q4 2023,22,145034,47.6,3.1,2.9,22,145034,47.6,3.1,2.9,,,,,,cola_quarter,Public sector,2025-10-21
Q1 2024,25,167636,46.3,3.1,2.6,25,167636,46.3,3.1,2.6,,,,,,cola_quarter,Public sector,2025-10-21
Q2 2024,47,636309,54.2,5.3,3.5,25,157143,36.3,3.3,3.1,22,479166,60.0,6.0,3.6,cola_quarter,Public sector,2025-10-21
Q3 2024,19,81923,44.3,3.5,3.1,19,81923,44.3,3.5,3.1,,,,,,cola_quarter,Public sector,2025-10-21
Q4 2024,20,156775,49.9,5.0,3.7,19,75102,38.9,4.0,3.8,1,81673,60.0,6.0,3.6,cola_quarter,Public sector,2025-10-21
Q1 2025,13,40617,48.7,4.2,3.4,13,40617,48.7,4.2,3.4,,,,,,cola_quarter,Public sector,2025-10-21
Q2 2025,14,73968,45.6,3.3,3.1,14,73968,45.6,3.3,3.1,,,,,,cola_quarter,Public sector,2025-10-21
Unnamed: 0_level_1,Number of agreements,Number of employees,Duration of agreements in months (average),First year percentage adjustment (average),Annual percentage adjustment (average),Number of agreements,Number of employees,Duration of agreements in months (average),First year percentage adjustment (average),Annual percentage adjustment (average),Number of agreements,Number of employees,Duration of agreements in months (average),First year percentage adjustment (average),Annual percentage adjustment (average),,,
Public sector,3,18202,46.5,2.6,3.1,3,18202,46.5,2.6,3.1,,,,,,cola_administration,August 2024,2025-10-21
Federal administration,1,652,36.0,4.0,3.3,1,652,36.0,4.0,3.3,,,,,,cola_administration,August 2024,2025-10-21
Provincial administration,,,,,,,,,,,,,,,,cola_administration,August 2024,2025-10-21
Local administration,,,,,,,,,,,,,,,,cola_administration,August 2024,2025-10-21
Telephone and utilities,,,,,,,,,,,,,,,,cola_administration,August 2024,2025-10-21
"Education, health, and social services",2,17550,46.9,2.6,3.1,2,17550,46.9,2.6,3.1,,,,,,cola_administration,August 2024,2025-10-21
Other industries,,,,,,,,,,,,,,,,cola_administration,August 2024,2025-10-21
Public sector,1,5000,36.0,3.5,3.0,1,5000,36.0,3.5,3.0,,,,,,cola_administration,September 2024,2025-10-21
Federal administration,,,,,,,,,,,,,,,,cola_administration,September 2024,2025-10-21
Provincial administration,,,,,,,,,,,,,,,,cola_administration,September 2024,2025-10-21
Local administration,,,,,,,,,,,,,,,,cola_administration,September 2024,2025-10-21
Telephone and utilities,,,,,,,,,,,,,,,,cola_administration,September 2024,2025-10-21
"Education, health, and social services",1,5000,36.0,3.5,3.0,1,5000,36.0,3.5,3.0,,,,,,cola_administration,September 2024,2025-10-21
Other industries,,,,,,,,,,,,,,,,cola_administration,September 2024,2025-10-21
Public sector,6,37880,45.6,3.4,3.8,6,37880,45.6,3.4,3.8,,,,,,cola_administration,October 2024,2025-10-21
Federal administration,1,1080,48.0,4.7,3.2,1,1080,48.0,4.7,3.2,,,,,,cola_administration,October 2024,2025-10-21
Provincial administration,1,6000,36.0,6.0,3.5,1,6000,36.0,6.0,3.5,,,,,,cola_administration,October 2024,2025-10-21
Local administration,1,1100,36.0,3.0,3.0,1,1100,36.0,3.0,3.0,,,,,,cola_administration,October 2024,2025-10-21
Telephone and utilities,,,,,,,,,,,,,,,,cola_administration,October 2024,2025-10-21
"Education, health, and social services",3,29700,47.8,2.8,4.0,3,29700,47.8,2.8,4.0,,,,,,cola_administration,October 2024,2025-10-21
Other industries,,,,,,,,,,,,,,,,cola_administration,October 2024,2025-10-21
Public sector,6,6894,38.1,3.7,3.4,6,6894,38.1,3.7,3.4,,,,,,cola_administration,November 2024,2025-10-21
Federal administration,1,1020,48.0,4.8,3.1,1,1020,48.0,4.8,3.1,,,,,,cola_administration,November 2024,2025-10-21
Provincial administration,,,,,,,,,,,,,,,,cola_administration,November 2024,2025-10-21
Local administration,3,4327,38.6,3.3,3.3,3,4327,38.6,3.3,3.3,,,,,,cola_administration,November 2024,2025-10-21
Telephone and utilities,,,,,,,,,,,,,,,,cola_administration,November 2024,2025-10-21
"Education, health, and social services",2,1547,30.2,4.3,3.8,2,1547,30.2,4.3,3.8,,,,,,cola_administration,November 2024,2025-10-21
Other industries,,,,,,,,,,,,,,,,cola_administration,November 2024,2025-10-21
Public sector,8,112001,52.1,5.7,3.7,7,30328,30.8,4.7,3.9,1,81673,60.0,6.0,3.6,cola_administration,December 2024,2025-10-21
Federal administration,2,6410,48.0,4.8,3.2,2,6410,48.0,4.8,3.2,,,,,,cola_administration,December 2024,2025-10-21
Provincial administration,,,,,,,,,,,,,,,,cola_administration,December 2024,2025-10-21
Local administration,2,6148,22.2,4.1,4.4,2,6148,22.2,4.1,4.4,,,,,,cola_administration,December 2024,2025-10-21
Telephone and utilities,,,,,,,,,,,,,,,,cola_administration,December 2024,2025-10-21
"Education, health, and social services",4,99443,54.2,5.8,3.6,3,17770,27.6,4.9,4.0,1,81673,60.0,6.0,3.6,cola_administration,December 2024,2025-10-21
Other industries,,,,,,,,,,,,,,,,cola_administration,December 2024,2025-10-21
Public sector,3,4839,42.6,6.1,3.3,3,4839,42.6,6.1,3.3,,,,,,cola_administration,January 2025,2025-10-21
Federal administration,,,,,,,,,,,,,,,,cola_administration,January 2025,2025-10-21
Provincial administration,,,,,,,,,,,,,,,,cola_administration,January 2025,2025-10-21
Local administration,2,4252,43.6,6.5,3.4,2,4252,43.6,6.5,3.4,,,,,,cola_administration,January 2025,2025-10-21
Telephone and utilities,,,,,,,,,,,,,,,,cola_administration,January 2025,2025-10-21
"Education, health, and social services",1,587,36.0,3.0,3.0,1,587,36.0,3.0,3.0,,,,,,cola_administration,January 2025,2025-10-21
Other industries,,,,,,,,,,,,,,,,cola_administration,January 2025,2025-10-21
Public sector,4,10100,45.6,4.3,3.4,4,10100,45.6,4.3,3.4,,,,,,cola_administration,February 2025,2025-10-21
Federal administration,1,7670,48.0,4.7,3.7,1,7670,48.0,4.7,3.7,,,,,,cola_administration,February 2025,2025-10-21
Provincial administration,,,,,,,,,,,,,,,,cola_administration,February 2025,2025-10-21
Local administration,,,,,,,,,,,,,,,,cola_administration,February 2025,2025-10-21
Telephone and utilities,,,,,,,,,,,,,,,,cola_administration,February 2025,2025-10-21
"Education, health, and social services",3,2430,37.9,2.7,2.6,3,2430,37.9,2.7,2.6,,,,,,cola_administration,February 2025,2025-10-21
Other industries,,,,,,,,,,,,,,,,cola_administration,February 2025,2025-10-21
Public sector,4,17331,48.0,3.4,3.4,4,17331,48.0,3.4,3.4,,,,,,cola_administration,March 2025,2025-10-21
Federal administration,,,,,,,,,,,,,,,,cola_administration,March 2025,2025-10-21
Provincial administration,,,,,,,,,,,,,,,,cola_administration,March 2025,2025-10-21
Local administration,1,8240,48.0,3.9,3.7,1,8240,48.0,3.9,3.7,,,,,,cola_administration,March 2025,2025-10-21
Telephone and utilities,,,,,,,,,,,,,,,,cola_administration,March 2025,2025-10-21
"Education, health, and social services",3,9091,48.0,2.9,3.2,3,9091,48.0,2.9,3.2,,,,,,cola_administration,March 2025,2025-10-21
Other industries,,,,,,,,,,,,,,,,cola_administration,March 2025,2025-10-21
Public sector,7,56733,45.3,3.4,3.1,7,56733,45.3,3.4,3.1,,,,,,cola_administration,April 2025,2025-10-21
Federal administration,,,,,,,,,,,,,,,,cola_administration,April 2025,2025-10-21
Provincial administration,1,5713,60.0,2.8,2.5,1,5713,60.0,2.8,2.5,,,,,,cola_administration,April 2025,2025-10-21
Local administration,,,,,,,,,,,,,,,,cola_administration,April 2025,2025-10-21
Telephone and utilities,,,,,,,,,,,,,,,,cola_administration,April 2025,2025-10-21
"Education, health, and social services",6,51020,43.6,3.4,3.2,6,51020,43.6,3.4,3.2,,,,,,cola_administration,April 2025,2025-10-21
Other industries,,,,,,,,,,,,,,,,cola_administration,April 2025,2025-10-21
Public sector,5,14101,44.2,3.2,3.1,5,14101,44.2,3.2,3.1,,,,,,cola_administration,May 2025,2025-10-21
Federal administration,,,,,,,,,,,,,,,,cola_administration,May 2025,2025-10-21
Provincial administration,,,,,,,,,,,,,,,,cola_administration,May 2025,2025-10-21
Local administration,3,7077,42.1,3.5,3.3,3,7077,42.1,3.5,3.3,,,,,,cola_administration,May 2025,2025-10-21
Telephone and utilities,,,,,,,,,,,,,,,,cola_administration,May 2025,2025-10-21
"Education, health, and social services",2,7024,46.4,2.9,2.9,2,7024,46.4,2.9,2.9,,,,,,cola_administration,May 2025,2025-10-21
Other industries,,,,,,,,,,,,,,,,cola_administration,May 2025,2025-10-21
Public sector,2,3134,56.8,3.0,3.4,2,3134,56.8,3.0,3.4,,,,,,cola_administration,June 2025,2025-10-21
Federal administration,,,,,,,,,,,,,,,,cola_administration,June 2025,2025-10-21
Provincial administration,,,,,,,,,,,,,,,,cola_administration,June 2025,2025-10-21
Local administration,,,,,,,,,,,,,,,,cola_administration,June 2025,2025-10-21
Telephone and utilities,1,2300,60.0,3.0,3.5,1,2300,60.0,3.0,3.5,,,,,,cola_administration,June 2025,2025-10-21
"Education, health, and social services",1,834,48.0,3.0,3.0,1,834,48.0,3.0,3.0,,,,,,cola_administration,June 2025,2025-10-21
Other industries,,,,,,,,,,,,,,,,cola_administration,June 2025,2025-10-21
Public sector,1,836,36.0,4.0,3.5,1,836,36.0,4.0,3.5,,,,,,cola_administration,July 2025,2025-10-21
Federal administration,1,836,36.0,4.0,3.5,1,836,36.0,4.0,3.5,,,,,,cola_administration,July 2025,2025-10-21
Provincial administration,,,,,,,,,,,,,,,,cola_administration,July 2025,2025-10-21
Local administration,,,,,,,,,,,,,,,,cola_administration,July 2025,2025-10-21
Telephone and utilities,,,,,,,,,,,,,,,,cola_administration,July 2025,2025-10-21
"Education, health, and social services",,,,,,,,,,,,,,,,cola_administration,July 2025,2025-10-21
Other industries,,,,,,,,,,,,,,,,cola_administration,July 2025,2025-10-21
Public sector,154,931510,49.3,0.7,1.3,152,872510,50.7,0.7,1.3,2,59000,28.5,0.8,1.2,cola_administration,2016,2025-10-21
Federal administration,8,86800,34.5,1.1,1.3,6,27800,47.3,1.8,1.5,2,59000,28.5,0.8,1.2,cola_administration,2016,2025-10-21
Provincial administration,21,98310,55.1,0.9,1.4,21,98310,55.1,0.9,1.4,,,,,,cola_administration,2016,2025-10-21
Local administration,29,63730,51.2,1.7,1.7,29,63730,51.2,1.7,1.7,,,,,,cola_administration,2016,2025-10-21
Telephone and utilities,7,8110,46.8,1.3,1.5,7,8110,46.8,1.3,1.5,,,,,,cola_administration,2016,2025-10-21
"Education, health, and social services",89,674560,50.2,0.5,1.3,89,674560,50.2,0.5,1.3,,,,,,cola_administration,2016,2025-10-21
Other industries,,,,,,,,,,,,,,,,cola_administration,2016,2025-10-21
Public sector,142,664494,38.2,1.4,1.7,142,664494,38.2,1.4,1.7,,,,,,cola_administration,2017,2025-10-21
Federal administration,22,167592,47.7,1.3,1.4,22,167592,47.7,1.3,1.4,,,,,,cola_administration,2017,2025-10-21
Provincial administration,5,59500,52.3,1.4,1.9,5,59500,52.3,1.4,1.9,,,,,,cola_administration,2017,2025-10-21
Local administration,36,47266,49.0,1.7,1.9,36,47266,49.0,1.7,1.9,,,,,,cola_administration,2017,2025-10-21
Telephone and utilities,1,690,36.0,1.2,1.7,1,690,36.0,1.2,1.7,,,,,,cola_administration,2017,2025-10-21
"Education, health, and social services",78,389446,30.6,1.5,1.7,78,389446,30.6,1.5,1.7,,,,,,cola_administration,2017,2025-10-21
Other industries,,,,,,,,,,,,,,,,cola_administration,2017,2025-10-21
Public sector,132,520074,40.6,1.0,1.2,132,520074,40.6,1.0,1.2,,,,,,cola_administration,2018,2025-10-21
Federal administration,14,48380,48.7,1.4,1.7,14,48380,48.7,1.4,1.7,,,,,,cola_administration,2018,2025-10-21
Provincial administration,20,105026,41.3,0.8,0.9,20,105026,41.3,0.8,0.9,,,,,,cola_administration,2018,2025-10-21
Local administration,18,17053,38.5,2.6,2.1,18,17053,38.5,2.6,2.1,,,,,,cola_administration,2018,2025-10-21
Telephone and utilities,8,24956,44.3,1.2,2.0,8,24956,44.3,1.2,2.0,,,,,,cola_administration,2018,2025-10-21
"Education, health, and social services",72,324659,39.0,0.8,1.0,72,324659,39.0,0.8,1.0,,,,,,cola_administration,2018,2025-10-21
Other industries,,,,,,,,,,,,,,,,cola_administration,2018,2025-10-21
Public sector,161,471105,42.1,1.7,1.7,161,471105,42.1,1.7,1.7,,,,,,cola_administration,2019,2025-10-21
Federal administration,23,74110,48.7,2.6,1.9,23,74110,48.7,2.6,1.9,,,,,,cola_administration,2019,2025-10-21
Provincial administration,13,47017,52.8,2.5,2.0,13,47017,52.8,2.5,2.0,,,,,,cola_administration,2019,2025-10-21
Local administration,29,40093,45.4,1.8,1.5,29,40093,45.4,1.8,1.5,,,,,,cola_administration,2019,2025-10-21
Telephone and utilities,9,18150,39.5,1.5,2.0,9,18150,39.5,1.5,2.0,,,,,,cola_administration,2019,2025-10-21
"Education, health, and social services",87,291735,38.4,1.3,1.6,87,291735,38.4,1.3,1.6,,,,,,cola_administration,2019,2025-10-21
Other industries,,,,,,,,,,,,,,,,cola_administration,2019,2025-10-21
Public sector,111,650614,40.0,1.8,2.0,109,591614,39.0,1.8,1.9,2,59000,50.2,2.0,2.4,cola_administration,2020,2025-10-21
Federal administration,12,219680,42.7,2.5,2.2,10,160680,39.9,2.6,2.1,2,59000,50.2,2.0,2.4,cola_administration,2020,2025-10-21
Provincial administration,2,1710,32.5,2.5,2.4,2,1710,32.5,2.5,2.4,,,,,,cola_administration,2020,2025-10-21
Local administration,22,46879,53.0,1.2,1.4,22,46879,53.0,1.2,1.4,,,,,,cola_administration,2020,2025-10-21
Telephone and utilities,5,12606,44.3,1.5,1.9,5,12606,44.3,1.5,1.9,,,,,,cola_administration,2020,2025-10-21
"Education, health, and social services",70,369739,36.6,1.6,1.9,70,369739,36.6,1.6,1.9,,,,,,cola_administration,2020,2025-10-21
Other industries,,,,,,,,,,,,,,,,cola_administration,2020,2025-10-21
Public sector,114,803688,41.1,1.8,1.9,113,761688,41.2,1.8,1.9,1,42000,39.7,2.0,2.7,cola_administration,2021,2025-10-21
Federal administration,10,98347,48.9,1.9,2.5,9,56347,55.9,1.8,2.3,1,42000,39.7,2.0,2.7,cola_administration,2021,2025-10-21
Provincial administration,7,58631,40.4,1.6,1.5,7,58631,40.4,1.6,1.5,,,,,,cola_administration,2021,2025-10-21
Local administration,24,49088,57.8,1.8,1.9,24,49088,57.8,1.8,1.9,,,,,,cola_administration,2021,2025-10-21
Telephone and utilities,6,15779,25.8,1.1,1.1,6,15779,25.8,1.1,1.1,,,,,,cola_administration,2021,2025-10-21
"Education, health, and social services",67,581843,38.9,1.8,1.9,67,581843,38.9,1.8,1.9,,,,,,cola_administration,2021,2025-10-21
Other industries,,,,,,,,,,,,,,,,cola_administration,2021,2025-10-21
Public sector,94,538408,42.3,2.4,2.5,91,474918,43.1,2.2,2.3,3,63490,36.0,4.2,3.9,cola_administration,2022,2025-10-21
Federal administration,7,10725,43.7,3.4,2.8,7,10725,43.7,3.4,2.8,,,,,,cola_administration,2022,2025-10-21
Provincial administration,13,102743,40.7,2.4,2.4,12,102063,40.7,2.4,2.4,1,680,36.0,4.3,3.2,cola_administration,2022,2025-10-21
Local administration,13,25360,39.7,1.9,1.8,13,25360,39.7,1.9,1.8,,,,,,cola_administration,2022,2025-10-21
Telephone and utilities,4,3055,44.7,0.4,1.6,4,3055,44.7,0.4,1.6,,,,,,cola_administration,2022,2025-10-21
"Education, health, and social services",57,396525,42.8,2.4,2.5,55,333715,44.1,2.1,2.3,2,62810,36.0,4.2,3.9,cola_administration,2022,2025-10-21
Other industries,,,,,,,,,,,,,,,,cola_administration,2022,2025-10-21
Public sector,100,587525,43.2,3.1,3.2,94,576500,43.3,3.1,3.2,6,11025,36.3,3.3,3.9,cola_administration,2023,2025-10-21
Federal administration,14,219860,48.2,2.2,3.0,14,219860,48.2,2.2,3.0,,,,,,cola_administration,2023,2025-10-21
Provincial administration,6,23384,39.7,2.8,2.8,6,23384,39.7,2.8,2.8,,,,,,cola_administration,2023,2025-10-21
Local administration,18,23289,45.7,3.0,2.8,18,23289,45.7,3.0,2.8,,,,,,cola_administration,2023,2025-10-21
Telephone and utilities,6,16896,28.6,4.1,4.0,6,16896,28.6,4.1,4.0,,,,,,cola_administration,2023,2025-10-21
"Education, health, and social services",56,304096,40.5,3.8,3.3,50,293071,40.6,3.8,3.3,6,11025,36.3,3.3,3.9,cola_administration,2023,2025-10-21
Other industries,,,,,,,,,,,,,,,,cola_administration,2023,2025-10-21
Public sector,108,1020229,51.8,4.8,3.3,85,459390,41.8,3.3,3.1,23,560839,60.0,6.0,3.6,cola_administration,2024,2025-10-21
Federal administration,10,47843,37.1,4.4,3.5,10,47843,37.1,4.4,3.5,,,,,,cola_administration,2024,2025-10-21
Provincial administration,9,57167,48.4,3.9,3.1,9,57167,48.4,3.9,3.1,,,,,,cola_administration,2024,2025-10-21
Local administration,14,27370,36.7,2.9,3.1,14,27370,36.7,2.9,3.1,,,,,,cola_administration,2024,2025-10-21
Telephone and utilities,2,2210,36.0,3.0,2.7,2,2210,36.0,3.0,2.7,,,,,,cola_administration,2024,2025-10-21
"Education, health, and social services",73,885639,53.3,5.0,3.4,50,324800,41.8,3.1,3.0,23,560839,60.0,6.0,3.6,cola_administration,2024,2025-10-21
Other industries,,,,,,,,,,,,,,,,cola_administration,2024,2025-10-21
Public sector,26,107074,45.7,3.6,3.2,26,107074,45.7,3.6,3.2,,,,,,cola_administration,2025,2025-10-21
Federal administration,2,8506,46.8,4.7,3.7,2,8506,46.8,4.7,3.7,,,,,,cola_administration,2025,2025-10-21
Provincial administration,1,5713,60.0,2.8,2.5,1,5713,60.0,2.8,2.5,,,,,,cola_administration,2025,2025-10-21
Local administration,6,19569,44.9,4.3,3.5,6,19569,44.9,4.3,3.5,,,,,,cola_administration,2025,2025-10-21
Telephone and utilities,1,2300,60.0,3.0,3.5,1,2300,60.0,3.0,3.5,,,,,,cola_administration,2025,2025-10-21
"Education, health, and social services",16,70986,44.2,3.3,3.1,16,70986,44.2,3.3,3.1,,,,,,cola_administration,2025,2025-10-21
Other industries,,,,,,,,,,,,,,,,cola_administration,2025,2025-10-21
